Species,Sample1,Sample2,Sample3,Sample4,Sample5,Sample6,Sample7,Sample8,Sample9,Sample10,Sample11,Sample12,Sample13,Sample14,Sample15,Sample16,Sample17,Sample18,Sample19,Sample20,Sample21,Sample22,Sample23,Sample24,Sample25
s__Abiotrophia_defectiva,0,0,0,0,0,0,0,0,0,0,0,0,0,0,0,0,0,0,0,0,0,0,0,0,0.017349754
s__Acidaminococcus_fermentans,0,0,0,0,0,0,0,0.013465496,0,0,2.372793791,0,0,0,0,0,0,0,0,0,0,0,0,0,0
s__Acidaminococcus_intestini,0,0,0,0,0,0,0,0.013571441,0,0,0.002370398,0,0,0,0,0,0,0,0,0,0,0,0,0,0
s__Actinomyces_graevenitzii,0,0,0,0,0,0,0,0,0,0,0,0,0,0,0,0,0,0,0,0,0,0.016615963,0,0,0
s__Actinomyces_odontolyticus,0,0,0,0,0,0,0,0,0,0,0,0.003567976,0,0.005331398,0,0,0,0,0,0,0,0,0,0,0.00238086
s__Actinomyces_oris,0,0,0,0,0,0,0,0,0,0,0,0,0,0,0,0,0,0,0,0,0,0,0,0,0
s__Actinomyces_turicensis,0,0,0,0,0,0,0,0,0,0,0,0,0,0,0,0,0,0,0,0,0,0,0,0,0
s__Actinomyces_viscosus,0,0,0,0,0,0,0,0,0,0,0,0,0,0,0,0,0,0,0,0,0,0,0,0,0
s__Adlercreutzia_equolifaciens,0,0,0,0,0,0,0.008787839,0,0,0,0,0.001978128,0.058863063,0,0,0.001275035,0.000838963,0.004155311,0,0,0,0,0.00936982,0,0.019168975
s__Aggregatibacter_segnis,0.001327973,0,0,0,0,0,0,0,0,0,0,0,0,0,0,0,0,0,0,0,0,0,0,0,0
s__Akkermansia_muciniphila,0,0,0,0,0.281395378,0.359450802,0,0.074044339,0.014070188,0,0,0.195525097,0.691754906,0,3.257855555,0.517451592,1.108120957,0,0,0,0.148463095,0,0.073742165,0,0
s__Alistipes_finegoldii,0,0,0.020346573,0,0.78364128,0.772255812,2.07777535,0.059720695,0.007783991,0.048467677,0.016578011,1.108984726,0.019477847,3.420630519,0,0.007026401,0,0.145208625,0,0,0.028784682,0,0.006199045,0.00979911,0
s__Alistipes_indistinctus,0,0,0,0,0.056948942,0.14104875,0,0.054020902,0.015636063,0.007273428,0.00794706,0.000960205,0.022641363,0.249681505,0,0.003845669,0.001826952,0.200812638,0,0,0,0,0.002010363,0,0.291502723
s__Alistipes_onderdonkii,0,0,0.113286926,0.109535318,0.570033945,0.694727409,2.286212229,0.126253597,2.907604256,0.044022804,0.380686351,17.46350157,0.072120324,8.391336281,0.269282154,0.374017041,0.560289226,0.783247392,0,0,0.065271146,0,0.090369652,0.049387514,13.72142083
s__Alistipes_putredinis,4.072690897,1.288093145,2.084703747,0,4.815735292,8.772564813,4.208339259,0.375434146,3.565930176,1.639699286,1.683681291,3.023492552,2.76714101,0.206942253,4.787601429,6.116931104,0,2.735754484,0,0,0.998860374,0,1.334698073,0.048160047,3.71393394
s__Alistipes_senegalensis,0,0,0.007141933,0,0,0.01033094,0,0.031634912,0.009849131,0,0.066360592,0,0.163204938,0,0,0.005723946,0.073536202,0,0,0,0.03875901,0,0,0.011779562,0.005787321
s__Alistipes_shahii,0,0,0.096738803,0.805575737,1.33458608,1.880251733,4.323493791,0.181937822,0.157007407,0.533821549,1.217702825,0.51420309,0.443967929,0.013101555,0,1.440185996,0.015404904,0.251121304,0,0,0.820931239,0,0.111898354,0.244915861,0.195645639
s__Alistipes_sp_AP11,0,0,0,0,0,0,0,0,0,0,0,0,0,0,0,0,0,0,0,0,0,0,0,0,0.476477226
s__Alistipes_sp_HGB5,0,0,0,0,0,0,0,0,0,0,0,0,0,0,0,0,0,0,0,0,0,0,0,0,0
s__Alloscardovia_omnicolens,0,0,0,0,0,0,0,0,0,0,0,0,0,0,0,0,0,0,0,0,0,0,0,0,0
s__Anaerococcus_obesiensis,0,0,0,0,0,0,0,0,0,0,0,0,0,0,0,0,0,0,0,0,0,0,0,0,0
s__Anaerococcus_vaginalis,0,0,0,0,0,0,0,0,0,0,0,0,0,0,0,0,0,0,0,0,0,0,0,0,0
s__Anaerofustis_stercorihominis,0,0,0,0,0,0,0,0,0,0,0,0,0,0,0,0,0,0,0,0,0,0,0,0,0
s__Anaeroglobus_geminatus,0,0,0,0,0,0,0,0,0,0,0,0,0,0,0,0,0,0,0,0,0,0,0,0,0
s__Anaerostipes_caccae,0,0,0,0,0,0,0,0,0,0,0,0,0,0,0,0,0,0,0,0,0,0.002623573,0,0,0
s__Anaerostipes_hadrus,0.001104873,0,0,0,0,0,0,0,0.005525953,0,0,0.00049322,0.04059908,0,0.006302179,0,0,0,0,0,0.010305543,0,0.003455789,0.003775236,0.297302254
s__Anaerotruncus_colihominis,0,0,0.005692385,0,0,0,0,0,0,0,0,0,0.001197057,0,0.002484325,0,0,0,0,0,0,0,0,0,0.088067399
s__Atopobium_parvulum,0,0,0,0,0,0,0,0,0,0,0.001853259,0,0,0.000535172,0.003550032,0.000253636,0.002130524,0,0,0,0,0.068459023,0,0.002434305,0
s__Atopobium_rimae,0,0,0,0,0,0,0,0,0,0,0,0,0,0,0,0,0,0,0,0,0,0,0,0,0
s__Atopobium_vaginae,0,0,0,0,0,0,0,0,0,0,0,0,0,0,0,0,0,0,0,0,0,0,0,0,0
s__Bacteroidales_bacterium_ph8,0,0,0,0,0.050065343,0.187852133,0,0.032969807,0,0.00698948,0.006480073,0.136270456,1.987367897,0,0,1.955587936,0.102447304,0,0,0,0.372221684,0,0.873291681,0.116475316,1.062937971
s__Bacteroides_caccae,2.134912906,3.879134557,4.024050644,0,0.707716207,0.471474039,1.816283302,0.184395725,0.847558596,0.67297773,0,0,2.80434127,9.13841624,4.656823541,7.428009552,0.56264053,1.247156496,0,0,0.009701244,0,0.438788532,0.004342553,0
s__Bacteroides_cellulosilyticus,1.019596311,0,0,10.44619734,0.004417832,0.022299587,0,0.010912243,0.312993591,0.099403513,0.254905389,0,0.330759245,0.803279806,3.618594631,0,0,0,0,0,0.015481973,0,0.501837599,0.004466331,3.398854599
s__Bacteroides_clarus,0,0,0,0,5.187809248,3.35127257,0,0.003813988,0,0.205730981,0,0,0.000302532,0.062655784,0.613862654,0.273330428,0,0,0,0,0,0,0,0,0.070815321
s__Bacteroides_coprocola,0,9.970183718,8.437775725,0,0,0.026666804,1.304660846,0.80675381,0.001849549,0,0,0,0,0,0,0,0,0,0,0,0,0,0,1.155717347,0
s__Bacteroides_coprophilus,0,0,0,0,0,0,0,0,0,0,0,0,0,0,0,0,0,0,0,0,0,0,0,0,0
s__Bacteroides_dorei,0,0.245430699,0.440736612,36.19963105,0.072082587,0.069072069,0.04994815,0.364182881,0.014342514,0.807885619,1.349026677,0.305691609,0.020049297,0.153675691,10.62372477,1.610204336,0.118475911,0.373372602,0.10760228,0,0.023310834,0.001209671,3.69532276,0.044261033,0.289512568
s__Bacteroides_eggerthii,2.422275608,0,0,0,0,0.019765777,0,0.020023437,0,0,0.023752528,0.016134598,4.153198068,42.21762185,0,0,0,3.14975594,0,0,0.018963119,0,0,0.031769746,0.816622749
s__Bacteroides_faecis,0,0,0,0,0.005085644,0.072625583,0,0.000900525,0.000487918,0,0,0,0.021095088,0,0,0.010118017,0,0.001842773,0,0,0.002029204,0,0.012896863,0.001495654,0.003113432
s__Bacteroides_finegoldii,0,3.549803509,3.719582111,0,3.137626782,2.140791249,0,0.006261297,0,2.04584269,0,0,1.401798072,0,0,0,0,0.190344158,0,0,0.036679786,0,0,0,0
s__Bacteroides_fragilis,0.295511144,0.149366888,0.352293031,0.008916863,0.179466737,0.08984725,0,0.006409619,0.121775204,0.185854646,0,0.048970474,0.024815114,0,0,0.240782767,0.311393221,0,0.045121533,0,0,0,0.069390619,0.008128104,0.600831372
s__Bacteroides_intestinalis,0,0,0.047570563,0,0.055202357,0.05653692,0,0.031783233,0.278782611,0,0,0,0,0,0,0.017754516,0.0019539,0,0,0,0,0,0,0,0.116198174
s__Bacteroides_massiliensis,0,0,0.012643866,0.046077322,0,0.000947604,10.72197379,0.103676907,0.005310361,13.86422367,2.137917527,0,0.000134459,0.352678428,10.35762579,0,0,3.61495594,0,0,0,0,0,0.516485301,2.193199336
s__Bacteroides_nordii,0.053820084,0,0.000433806,0.053840964,0,0.007879531,0,0,0.015590676,0.002642897,0,0,0,0.667894808,0,0,0,0,0,0,0,0,0,0,0.024358029
s__Bacteroides_oleiciplenus,0,0,0,0.332374513,0,0.020950282,0,0,0.011653292,0,0,0,0,0,0,0,0,0,0,0,0,0,0,0,0
s__Bacteroides_ovatus,3.754285501,0.157941465,0.166433487,0.088694983,0.23608691,1.63083626,0.023738445,0.22028959,1.501810969,0.394763656,0.297684425,0.113708254,0.429834818,4.726301461,2.034526986,1.002191003,0.162300684,0.109901853,0.054613721,0,0.311891737,0,1.590645326,0.247690556,0.859649161
s__Bacteroides_pectinophilus,0,0,0,0,0,0,0,0,0,0,0,0,0,0,0,0,0,0,0,0,0,0,0,0,0
s__Bacteroides_plebeius,9.341970327,0,0,0.932357874,8.686701708,14.85296693,0,0.621669448,7.800591402,10.88878012,0,0,0.01017965,0,0,0.090568596,0,0,0,0,0,0,0,0.679171156,0
s__Bacteroides_salyersiae,0,0,0.118587827,0,0.087195683,0.11288844,3.226408472,0,1.990137252,0,0,0,0,0,0,0.214438905,0,0.129225193,0,0,0.031049117,0,0,0,0
s__Bacteroides_sp_2_1_22,0,0,0,0,0,0,0,0,0,0,0,0,0,0,0,0,0,0,0,0,0,0,0,0,0
s__Bacteroides_sp_3_1_19,0,0,0,0,0,0,0,0,6.209026252,0,0,0,0,0,0,0,0,0,0,0,0,0,0,0,0
s__Bacteroides_sp_4_3_47FAA,0,0,0,0,0,0,0,0,0,0,0,0,0,0,0,0,0,0,0,0,0,0,0,0,0
s__Bacteroides_stercoris,4.404577873,29.1798463,28.62477163,0.145305735,0,3.04866769,23.85486099,0.185222089,20.67751357,2.655041414,0.024571508,0.034855979,1.081517275,4.836296267,0.009129651,0.023793793,0.695025563,17.14367697,0.69985475,0,0.01523052,0.002466473,0,0.098816288,0.002808194
s__Bacteroides_thetaiotaomicron,1.201082393,0.746263483,0.821893632,6.274701563,0.575304522,2.202354589,4.603874053,0.741142622,0.059264992,1.015047259,0.000557244,0.055933274,0.155695789,2.255689523,3.767403057,0.334299024,0.129354831,0.252828495,0.316461462,0,0.033871887,3.704186641,0.340097502,0.151442666,1.465987035
s__Bacteroides_uniformis,6.5406169,1.678710498,0.569524177,0.118977308,1.071612036,1.909936449,2.662602453,0.23628715,0.053137652,0.011947643,2.860956481,0.45902014,5.459039264,12.04809287,11.89678308,1.548927264,4.028826765,4.47863418,0.108161252,0,0.20635286,0,11.15882996,0.057639396,0.030829084
s__Bacteroides_vulgatus,6.264345427,10.21906056,8.083535856,0.034236222,2.133186346,0.672129121,2.518387554,0.470805034,15.17372143,0.390122205,2.205470706,0.022929494,7.418874859,3.697937745,0,0.545570906,1.045502312,1.697618129,11.66661284,0,1.083712458,32.54143321,2.585922804,0.296923348,0.828527049
s__Bacteroides_xylanisolvens,0.182814055,0,0.166634519,3.86660291,0.287261848,0.127318797,0.199392685,0.017957527,0.052059694,0.010626194,0.031646819,0,0.231838672,0.163396855,0.707004621,0.009665586,0.04145691,0.058710948,0.291990871,0,0.032313144,0,0,0.066603003,0.021818445
s__Barnesiella_intestinihominis,0,0,0.136014143,0,0.991710913,0.906506535,0,0.754894168,0,0,0.045244419,0.379433283,0.587364476,0,3.3541793,7.302308951,1.783248748,2.857864471,0,0,0.080037964,0,0.572989195,0.007395749,1.293820338
s__Bifidobacterium_adolescentis,0,0,0,0,0,0,0,0,0,0,0.691778406,12.41114231,2.314758202,0.064884539,0,3.738600607,1.171931812,13.79564244,0,0,3.626281869,0,14.08624988,0.03152219,5.412805705
s__Bifidobacterium_angulatum,0,0,0,0,0,0,0,0,0,0,0,0,0,0,0,0,0,0,0,0,0.216584049,0,0,0,0
s__Bifidobacterium_animalis,0,0,0,0,0,0,0,0,0,0,0,0,0,0,0,0,0,0.001014003,0,0,0,0,0,0,0
s__Bifidobacterium_bifidum,0,0,0,0,0,0,0,0.046255199,0,0,0,1.794524132,0,0.004613319,0,0,0,0.860859656,1.849454939,0,0,0,0,0,0
s__Bifidobacterium_breve,0,0,0,0,0,0,0,0,0,0,0,0,0,0,0,0,0,0,0,0.738222665,0,0,0,0,0
s__Bifidobacterium_catenulatum,0,0,0,0,0,0,0,0,0,0,0,0,0,0,0,0,0,0,0,0,0.001023389,0,0.662290046,0,0
s__Bifidobacterium_dentium,0,0,0,0,0,0,0,0,0.033552859,0,0.039959043,0,0,0,0,0.003653729,1.374563429,0,0,0,0,0,0,0.005260575,0
s__Bifidobacterium_longum,0,0,0.033424246,0,0,0,0,0,0,0,0,1.186729878,5.051250082,0.002743604,0.094517343,0.652111711,0.455523734,0.191694252,0.472083652,0,0.112393017,0,1.269745522,0,1.41906578
s__Bifidobacterium_pseudocatenulatum,0,0,0.08134397,0,0,0,0,0.007935214,0.003665057,0,0,0,0,0,0,0,0,0,0.56955196,0,0,0,0,0,0.774170185
s__Bilophila_wadsworthia,0.033146202,0,0.033096246,0,0,0.018158971,0.01963677,0.023689103,0.08960667,0.101806147,0.00518828,0,0,0,0,0.000904863,0.005359427,0,0,0,0,0,0,0,0.064576247
s__Blautia_hansenii,0,0,0,0,0,0,0,0,0,0,0,0,0,0,0,0,0,0,0,0,0,0,0,0,0
s__Blautia_hydrogenotrophica,0,0,0,0.15551997,0,0,0,0,0,0,0,0,0,0,0,0,0,0.018908954,0,0,0,0,0,0,0
s__Blautia_producta,0,0,0,0,0,0,0,0,0.005185545,0,0,0,0,0,0,0,0,0,0,0,0,0,0,0,0
s__Burkholderiales_bacterium_1_1_47,0.040179147,0.057901335,0.231250495,0,0,0,0.011628249,0,0,0,0,0,0.000711511,0.269117059,0,0.033027512,0.005177284,0.259827214,0,0,0,0,0,0,0
s__Butyricicoccus_pullicaecorum,0,0,0,0,0,0,0,0,0,0,0,0,0,0,0.000100433,0,0,0,0,0,0,0.001916622,0,0,0
s__Butyricimonas_synergistica,0,0,0,0,0,0,0,0,0.004595505,0,0,0,0,0,0,0,0,0,0,0,0,0,0,0,0
s__Butyrivibrio_crossotus,0,0,0,0,0,0,0,0,0,0,0,0,0,0,0,0,0,0,0,0,0,0,0,0,0
s__Campylobacter_hominis,0,0,0,0,0,0,0,0,0,0,0,0,0,0,0,0,0,0,0,0,0,0,0,0,0
s__candidate_division_TM7_single_cell_isolate_TM7b,0,0,0,0,0,0,0,0,0,0,0,0,0,0,0,0,0,0,0,0,0,0,0,0,0
s__candidate_division_TM7_single_cell_isolate_TM7c,0,0,0,0,0,0,0,0,0,0,0,0,0,0,0,0,0,0,0,0,0,0,0,0,0
s__Catenibacterium_mitsuokai,0,0,0,0,0,0,0,0,0,0,0.287772235,0,1.829352694,0,0,0,0.023789014,0.692332788,0,0,4.936677079,0,0,0,0
s__Citrobacter_freundii,0,0,0,0,0,0,0,0,0,0.004466715,0,0,0,0,0,0,0,0,0,0,0,0,0,0.00174321,0
s__Clostridiaceae_bacterium_JC118,0.004398246,0,0.004835353,0,0,0,0.057443961,0,0.088835079,0.031976872,0,0,0,0,0,0.015238721,0,0,0,0,0,0,0,0,0
s__Clostridiales_bacterium_1_7_47FAA,0,0,0.009681287,0.063581556,0,0.003059112,0.066344596,0,0.017043082,0,0,0,0,0,0.003173408,0,0,0,0,0,0,0.029917111,0,0,0
s__Clostridium_asparagiforme,0,0,0,0.237964912,0,0.002276309,0.034536105,0.001684511,0.031635228,0,0,0,0.002621946,0,0.033949189,0,0,0,0,0,0,0,0,0,0.009425763
s__Clostridium_bartlettii,0,0,0.017426316,0,0,0.003615314,0.081930962,0.158439418,0.021831485,0,0,0,0,0,0,0.008561927,0.002009095,0,0,0.187988612,0,0.326328498,0,0,0.001684916
s__Clostridium_bolteae,0.002061014,0,0.019288509,0.312100492,0,0.051479601,0.147168106,0.001811644,0.178067301,0.01654541,0,0,0.011393514,0.11796142,0.041498413,0.053599444,0,0,0,0,0,0,0,0.004641684,0.286924146
s__Clostridium_celatum,0,0,0,0,0,0,0.014489168,0,0,0,0,0,0,0,0,0,0,0,0,0,0,0.161891738,0,0,0
s__Clostridium_citroniae,0,0,0.015077414,0.049403126,0,0.016397664,0,0,0.063349885,0,0,0,0,0,0.00745437,0,0,0,0,0,0,0.003702328,0,0,0.002258765
s__Clostridium_clostridioforme,0,0,0,0.195409031,0,0,0,0,0,0,0,0,0,0,0.072742881,0,0,0,0,0,0,0.077089059,0,0,0
s__Clostridium_difficile,0,0,0,0,0,0,0,0,0,0,0,0,0,0,0,0,0,0,0,0.015849822,0,0,0,0,0
s__Clostridium_hathewayi,0.00205039,0,0.047972627,0,0,0.014317056,0.117389944,0,0.036934242,0,0,0,0.004653768,0,0.006487701,0.32394108,0,0,0,0,0,0.000921654,0,0,0.015176456
s__Clostridium_hylemonae,0,0,0,0,0,0,0,0,0,0,0,0,0,0,0,0,0,0,0,0,0,0,0,0,0
s__Clostridium_innocuum,0,0,0,0,0,0,0,0,0,0,0,0,0,0,0.009108727,0.021325984,0,0,0,0,0,0,0,0,0
s__Clostridium_leptum,0,0,0.042798694,0,0,0,0,0,0,0,0.049818464,0.021853854,0.007215954,0,0,0.043741917,0.057744933,0.036418165,0,0,0.246930177,0,0.162976852,0.014533627,0.676652604
s__Clostridium_methylpentosum,0,0,0,0,0,0,0,0,0,0,0,0,0,0,0,0,0,0,0,0,0,0,0,0,0.001648288
s__Clostridium_nexile,0,0.278627872,0.481271048,0.231683981,0,0.040273157,0.036689485,0.006303675,0.194350139,0.049821888,0,0,0.102072884,0,0,0.201901063,0,0,0,0,0,4.81083698,0,0,0
s__Clostridium_perfringens,0,0,0,0,0,0,0,0.017184135,0,0.004368425,0.00597982,0,0,0,0,0,0,0,0,0,0,0,0,0.010046666,0
s__Clostridium_ramosum,0,0,0,0,0,0,0,0,0,0,0,0,0,0,0.038043234,0,0,0,0,0,0,0.110404771,0,0,0.018998041
s__Clostridium_scindens,0,0,0,0,0,0,0,0,0,0,0,0,0,0,0,0,0,0,0,0,0,0,0,0,0
s__Clostridium_sp_ATCC_BAA_442,0,0,0,0,0,0,0,0,0.526678891,0,0,0,0,0,0,0,0,0,0,0,0,0,0,0,0.237097021
s__Clostridium_sp_KLE_1755,0,0,0,0,0,0,0,0,0,0,0,0,0,0,0,0,0,0,0,0,0,0,0,0,0
s__Clostridium_sp_L2_50,0,0,0,0,0,0,0,0,0,0,0,0,0,0,0,0,0,0,0,0,0,0,3.216774839,0,0
s__Clostridium_spiroforme,0,0,0,0,0,0,0,0,0,0,0,0,0,0,0,0,0,0,0,0,0,0,0,0,0
s__Clostridium_symbiosum,0,0,0.07392694,0.224013008,0,0.086808739,0.187292744,0,0.072018936,0,0,0,0,0,0.022145506,0.008486521,0,0,0,0,0.000123023,0,0,0,0.014773541
s__Collinsella_aerofaciens,0,0,0.011289544,0,0,0.003852215,0,0.081428644,0.12776638,0.039916484,0.65235761,17.60918519,1.067746455,0.027192163,1.09161191,1.70168465,1.150908064,1.016752547,0.107395253,0,0.084077445,0,0.59276201,0.043590567,5.316863155
s__Collinsella_intestinalis,0,0,0,0,0,0,0,0,0.125201975,0,0,0,0,0,0,0,0,0,0,0,0,0,0,0,0
s__Collinsella_tanakaei,0,0,0,0,0,0,0,0,0,0,0,0,0.018157537,0,0,0,0,0,0,0,0,0,0,0,0
s__Coprobacillus_sp_29_1,0,0,0,0,0,0,0,0,0,0,0,0,0,0,0,0,0,0,0,0,0,0,0,0,0
s__Coprobacillus_sp_D6,0,0,0,0,0,0,0,0,0,0,0,0,0,0,0,0,0,0,0,0,0,0,0,0,0
s__Coprobacter_fastidiosus,0,0,0,0,0,0,0,0,0,0,0,0,0.001643385,0.13000618,0,0.038059101,0.00054643,0,0,0,0,0,0.027870253,0,0.267132485
s__Coprococcus_catus,0,0,0,0.028459825,0.058264018,0.073398086,0,0.02401753,0.030682086,0,0.131914869,0.006191488,0.398883156,0,0.095082279,0.660701058,0.395366783,0.015150843,0,0,0,0,0.569207676,0.065210498,0
s__Coprococcus_comes,0,0,0.119614149,0,0,0,0.097014873,0.050047998,0,0.0110958,0.624482742,0.094630075,0.8494433,0,0.015995371,0.888877433,0.063888128,0.982091223,0,0,0.346242197,1.349982811,1.04395372,0.427509382,0.897828387
s__Coprococcus_eutactus,0,0,0,0,0,0,0,0,0,0,0,0,0,0,0,0,0,0,0,0,0,0,0,0,0
s__Coprococcus_sp_ART55_1,0,0,0,0,0,0,0,0,0,0,4.516855778,0.848359804,1.116990113,0,0,11.28140441,4.013995888,0,0,0,3.02740312,0,0,0.154052324,0
s__Coriobacteriaceae_bacterium_phI,0,0,0,0,0,0,0,0,0,0,0,0,0,0,0,0,0,0.007246969,0,0,0,0,0,0,0
s__Corynebacterium_durum,0,0,0,0,0,0,0,0,0,0,0,0,0,0,0,0,0,0,0,0,0,0,0,0,0
s__Desulfovibrio_desulfuricans,0,0,0,0,0,0,0,0.012247139,0.00439126,0.020629888,0.013048799,0,0,0,0.000615153,0,0,0,0,0,0.018338541,0,0,0,0
s__Desulfovibrio_piger,0,0,0,0,0,0,0,0,0.424045951,0,0.698102282,0,0,0,0.010828645,0,0.237625201,0,0,0,0.084424883,0,0,0.142551263,0
s__Dialister_invisus,0,0,0,0,0,0,0.233313539,0,0,0,0,0,0.532129932,0,0,0.750056314,0,6.71433256,0,0,0,5.873258381,3.019794852,0,0
s__Dialister_succinatiphilus,0,0,0,0,0,0,0,0,0,0,0,0,0,0,0,0,0,0,0,0,0,0,0,0,0
s__Dorea_formicigenerans,0.158953039,0,0.08727971,0.041268806,0,0.057216723,0.134011983,0.276397591,0.111165829,0.040025695,0.73818164,0.013217253,0.514071372,0,3.004634333,0.225626306,0.331351707,0.253271524,0.044241668,0,0.673975514,0.181859171,0.615074499,0.176064219,0.234349875
s__Dorea_longicatena,0.057888993,0,0.037868115,0,0,0.042724567,0.03043443,0.046657786,0.018574917,0.026789367,0.115089897,0.040061027,4.104329774,0,0.966574054,2.332998214,0.279120747,1.382786519,0.00567254,0,1.151883432,0,0.95033186,0.174290065,0.564813234
s__Eggerthella_lenta,0,0,0.001904515,0,0,0,0,0,0,0,0,0.000320068,0,0,0.002747962,0,0,0,0,0,0,0,0.002722897,0,0
s__Enterobacter_aerogenes,0,0,0,0,0,0,0,0,0,0,0,0,0,0,0,0,0,0,0,0,0,0,0,0,0
s__Enterobacter_cloacae,0,0,0.002348902,0,0,0,0,0,0,0,0,0,0,0,0,0,0,0,0,0,0,0,0,0.048902716,0
s__Enterococcus_avium,0,0,0,0,0,0,0,0,0,0,0,0,0,0,0,0,0,0,0,0,0,0,0,0,0
s__Enterococcus_casseliflavus,0,0,0,0,0,0,0,0,0,0,0,0,0,0,0,0,0,0,0,1.726698203,0,0,0,0,0
s__Enterococcus_durans,0,0,0,0,0,0,0,0,0,0,0,0,0,0,0,0,0,0,0,0,0,0,0,0,0
s__Enterococcus_faecalis,0,0,0,0,0,0,0,0,0,0.008103429,0,0,0,0,0,0,0,0,0,0,0,0,0,0.001526598,0
s__Enterococcus_faecium,0,0,0,0,0,0,0,0,0,0,0,0,0,0,0,0,0,0,0,4.568528639,0,0,0,0.005786632,0
s__Erysipelotrichaceae_bacterium_2_2_44A,0,0,0,0,0,0,0,0,0,0,0,0,0,0,0.000537038,0.03642075,0,0,0,0,0,0.000230414,0,0,0.02247776
s__Erysipelotrichaceae_bacterium_21_3,0,0,0,0,0,0,0,0,0,0,0,0,0,0,0,0.007225197,0,0,0,0,0,0.004372622,0,0,0.002857032
s__Erysipelotrichaceae_bacterium_3_1_53,0,0,0,0,0,0,0.01319714,0,0,0,0,0,0,0,0,0,0,0,0,0,0,0,0,0,0
s__Erysipelotrichaceae_bacterium_5_2_54FAA,0,0,0,0,0,0,0,0,0.00103257,0,0,0,0,0,0,0,0,0,0,0,0,0,0,0,0
s__Erysipelotrichaceae_bacterium_6_1_45,0,0,0,0,0,0,0,0,0,0,0,0,0,0,0,0.005504585,0,0,0,0,0,0,0,0,0.005237892
s__Escherichia_coli,0.124659468,7.859685663,10.00970985,0,0,0.015645761,1.78151135,0.72471069,0.023760462,3.876485838,27.20367602,0.067597408,0.261537254,1.966893033,0,7.26846569,0,0.114647233,0,0,0.004027314,0.504631968,0.001129875,0.732859964,0
s__Eubacterium_biforme,0,0,0.01501393,0,0,0,0,0.398752445,0,0.032839636,0.484006578,0,0,0,0,4.159910468,0,0,0,0,0.244986143,0,0,0.6505887,0
s__Eubacterium_brachy,0,0,0,0,0,0,0,0,0,0,0,0,0,0,0,0,0,0,0,0,0,0,0,0,0
s__Eubacterium_cylindroides,0,0,0,0,0,0,0,0,0,0.000764474,0,0,0,0,0,0,0,2.242769664,0,0,0,0,0,0,1.069299141
s__Eubacterium_dolichum,0,0,0,0,0,0,0,0,0,0,0,0,0,0,0.074575786,0,0,0,0,0,0,0,0,0,0
s__Eubacterium_eligens,17.41766011,0,0.008718448,12.63699637,0.004941808,0.475645555,0.031931541,0.159350537,0.315444527,4.240091702,0.494102405,0.149986177,0.485655751,0,0,0.14041834,0.548069069,0.244111127,0,0,0.595055572,3.380026126,0.532339138,5.109823267,0.8929812
s__Eubacterium_hallii,0.104346795,0,0.057717398,0.020047496,0,0.019518576,0.046554013,0.235333653,0.0260185,0,0.040668263,0.075321027,0.343448791,0,0.725337853,0.551322273,0.05146375,0.277216119,0,0,2.613953855,0,0.908694435,0.040444537,0.083891737
s__Eubacterium_infirmum,0,0,0,0,0,0,0,0,0,0,0,0,0,0,0,0,0,0,0,0,0,0,0,0,0.016458457
s__Eubacterium_limosum,0,0,0,0,0,0,0,0,0,0,0,0,0,0,0,0,0,0,0,0,0,0,0,0,0.083696384
s__Eubacterium_ramulus,0,0,0,0.001740127,0,0,0,0.007988186,0.077703745,0.015355014,0.136146968,0.005666786,0.452095215,0.253075445,0.076776946,0,0,0.058443602,0,0,0.375525731,0,0.675400669,0.092864618,0
s__Eubacterium_rectale,4.689635214,0,0.002539354,1.955397976,0,0.027655608,5.463267294,1.140520137,0.018438754,0.0509686,6.987762519,0.454979932,7.845318329,0,10.66970501,0.128668827,1.042720487,14.35776468,0,0,3.542255797,0.002995377,9.415218878,9.600414987,2.220963826
s__Eubacterium_siraeum,0,0,0,0,0.92784755,0.727419737,0,0.005445527,0.451380694,0,1.946263561,0.241929776,1.957256602,0,0.31087821,5.912274321,0.723467509,0.547712322,0,0,0.030005449,0.004775846,0.239788003,0.038525975,0.648277637
s__Eubacterium_sp_3_1_31,0,0,0,0,0,0,0,0,0.021978995,0,0,0,0,0,0,0,0,0,0,0,0,0,0.023009754,0,0
s__Eubacterium_ventriosum,0,0,0,0.144883574,0,0,0,0,0.009849131,0,0.01324299,0,0.555660218,0,0.206152955,0.222932281,0.035396507,0.320365658,0.116017927,0,0,0,0.583427816,0.114236993,0.210919771
s__Faecalibacterium_prausnitzii,9.341088553,7.393212361,8.943689087,1.865158502,2.617123929,4.038089549,10.04441807,8.981104762,9.739610755,1.553564864,13.56235389,37.11968719,4.985460525,0.034169724,5.408338174,8.872281143,13.76592394,4.859618486,4.727440683,0,5.834480129,5.066051462,16.54466475,6.067165369,5.982856832
s__Finegoldia_magna,0,0,0,0,0,0,0,0,0,0,0,0,0,0,0,0,0,0,0,0,0,0,0,0,0
s__Flavonifractor_plautii,0.029534116,0,0.020991992,0,0,0.010835642,0,0,0.006932971,0.016796595,0,0,0.003193396,0.820547575,0.000502166,0,0,0.005780388,0,0,0,0.111740123,0,0.00106243,0.017557316
s__Fusobacterium_gonidiaformans,0,0,0,0,0,0,0,0,0,0,0,0,0,0,0,0,0,0,0,0,0,0,0,0,0
s__Fusobacterium_mortiferum,0.068587142,1.226684491,0.517827164,0,0,0,0,0,0.07218914,0,0,0,0,0,0,0,0,0,0,0,0,0,0,0,0.156294298
s__Fusobacterium_nucleatum,0,0,0,0,0,0,0,0,0,0,0,0,0,0,0,0,0,0,0,0,0,0,0,0,0.001538402
s__Fusobacterium_periodonticum,0,0,0,0,0,0,0,0,0,0,0,0,0,0,0,0,0,0,0,0,0,0,0,0,0.004627415
s__Fusobacterium_ulcerans,0,0,0,0,0,0,0,0,0,0,0,0,0,0,0,0,0,0,0,0,0,0,0,0,0
s__Fusobacterium_varium,0,0,0.005681804,0,0,0,0,0,0,0,0,0,0,0,0,0,0,0,0,0,0,0,0,0,0
s__Gardnerella_vaginalis,0,0,0,0,0,0,0,0,0,0,0,0,0,0,0,0,0,0,0,0,0,0,0,0,0
s__Gemella_haemolysans,0,0,0,0,0,0,0,0,0,0,0,0,0,0,0,0,0,0,0,0,0,0.002681176,0,0.024012977,0.00608035
s__Gemella_morbillorum,0,0,0,0,0,0,0,0,0,0,0,0,0,0,0,0,0,0,0,0,0,0,0,0,0.076859043
s__Gemella_sanguinis,0,0,0,0,0,0,0,0,0,0,0,0,0,0,0,0,0,0,0,0,0,0.006907171,0,0.012429397,0.004651834
s__Gordonibacter_pamelaeae,0,0,0,0,0,0,0,0,0,0,0,0,0,0,0.000771382,0.001048819,0,0,0,0,0,0,0.021401464,0,0.045797978
s__Granulicatella_adiacens,0,0,0,0,0,0,0,0,0,0,0,0,0,0,0,0,0,0,0,0,0.000167636,0.025869163,0,0.006457098,0.040779857
s__Granulicatella_elegans,0,0,0,0,0,0,0,0,0,0,0,0,0,0,0,0,0,0,0,0,0,0,0,0,0.015518323
s__Haemophilus_haemolyticus,0,0,0,0,0,0,0,0,0,0,0,0,0,0,0,0,0,0,0,0,0,0,0,0,0
s__Haemophilus_parainfluenzae,0.3696439,0,0.127507308,0.312677102,0,0.049810994,1.260373008,0.047007402,0.01649843,0.134623941,0.000563576,0,0,0,0,0.007732469,1.027078245,0,0,0,0.079129486,0,0.007313651,2.394881853,0.162618838
s__Haemophilus_pittmaniae,0,0,0,0,0,0,0,0,0,0,0,0,0,0,0,0,0,0,0,0,0,0,0,0,0
s__Haemophilus_sputorum,0,0,0,0,0,0,0,0,0,0,0,0,0,0,0,0,0,0,0,0,0,0,0,0,0.012881063
s__Holdemania_filiformis,0,0,0.020166702,0,0,0,0,0.006420213,0.005650769,0.021984099,0.014294155,0,0.000916934,0,0.064625931,0.011002316,0,0,0,0,0.001530352,0.008122079,0.002305556,0.020846317,0.005701854
s__Holdemania_sp_AP2,0,0,0,0,0,0,0,0,0,0,0,0,0,0,0,0,0,0,0,0,0,0,0,0,0
s__Klebsiella_oxytoca,0,0,0,0,0,0,0,0,0,0,0,0,0,0,0,0,0,0,0,0,0,0,0,0,0
s__Klebsiella_pneumoniae,0,0,0.503776072,0,0,0,0,0.639722325,0.013003577,0.806738907,0,0,0,0,0,0,0.965276485,0,0,0,0,0.061593745,0,0.609514956,0
s__Lachnospiraceae_bacterium_1_1_57FAA,0.205283356,0,0,0.035296773,0,0,0.524696545,0.747467485,0.115579783,0,0,0,0,0,0.143682151,0.19832274,0.034022153,0.117397071,0,0,0.009537664,0.006865278,0,0,0.218697247
s__Lachnospiraceae_bacterium_1_4_56FAA,0,0,0,0,0,0,0.004511843,0.010424901,0.171803798,0,0,0,0,0,0.020298652,0,0,0,0,0,0.00279438,0.126188103,0,0,0.09463613
s__Lachnospiraceae_bacterium_2_1_46FAA,0,0,0,0,0,0,0,0,0,0,0,0,0,0,0,0,0,0,0,0,0,0,0,0,0
s__Lachnospiraceae_bacterium_2_1_58FAA,0.012057994,0,0.106144993,0,0,0,0.02051863,0.020659102,0.003483506,0.01767028,0,0,0,0,0,0,0.000303572,0,0,0,0,6.283687843,0,0,0.001220954
s__Lachnospiraceae_bacterium_3_1_46FAA,0,0,0,3.783612248,0,0,0.030249855,0.017470184,0.184682558,0,0.012582318,0,0.005968476,0,0,0.168023528,0,0.090672084,0,0,0,0,0.034293237,0.005343094,0.008485629
s__Lachnospiraceae_bacterium_3_1_57FAA_CT1,0,0,0.00347045,0,0,0,0,0,0.004595505,0,0,0,0,0,0.002068644,0.010460769,0,0,0,0,0,0,0,0,0.001465145
s__Lachnospiraceae_bacterium_4_1_37FAA,0,0,0,0,0,0,0,0,0,0,0,0,0,0,0,0,0,0,0,0,0,0,0,0,0
s__Lachnospiraceae_bacterium_5_1_57FAA,0,0,0,0.016979107,0,0,0,0,0,0,0,0,0,0,0,0,0,0,0,0,0,0,0,0,0
s__Lachnospiraceae_bacterium_5_1_63FAA,0.040274761,0,0.005597159,0,0,0.002060008,0,0.006070598,0.035288938,0,0,0,0.017477773,0,0.157313159,0.00952163,0,0,0,0,0.009215911,0,0.089168523,0.001444079,0.027691233
s__Lachnospiraceae_bacterium_6_1_63FAA,0,0,0,0,0,0,0,0,0.024600134,0,0,0,0,0,0,0,0,0,0,0,0,0.002398396,0,0,0
s__Lachnospiraceae_bacterium_7_1_58FAA,0.003643958,0,0.00280387,0,0,0.078970408,0.013709849,0.021273577,0.006218115,0.021023046,0.000572019,0.002319185,0.019281762,0.167271772,0.059284842,0.061743214,0.040303336,0.009200499,0,0,0.055360358,0,0.004346457,0.054998794,0.029486035
s__Lachnospiraceae_bacterium_8_1_57FAA,0.352794581,0,0,0.161605266,0,0,0,0,0,0,0.074529283,0.017315179,0.650705763,0,0.793304581,0.080005001,0.050823489,0,0,0,0.087432864,0.52090231,0.052065867,0.489470702,0
s__Lachnospiraceae_bacterium_9_1_43BFAA,0,0,0,0,0,0,0,0,0.001089305,0,0,0,0,0,0,0,0,0,0,0,0,0.00248742,0,0,0
s__Lactobacillus_acidophilus,0,0,0,0,0,0,0,0,0,0,0,0,0,0,0,0,0,0,0,0,0,0,0,0,0
s__Lactobacillus_amylovorus,0,0,0,0,0,0,0,0,0,0,0,0,0,0,0,0,0,0,0,0,0,0,0,0,0
s__Lactobacillus_casei_paracasei,0,0,0,0,0,0,0,0,0,0,0.019427555,0,0.016488007,0,0,0,0,0,0,0,0,0,0,0,0
s__Lactobacillus_crispatus,0,0,0,0,0,0,0,0,0,0,0,0,0,0,0,0,0,0,0,0,0,0,0,0,0
s__Lactobacillus_curvatus,0,0,0,0,0,0,0,0,0,0,0,0,0,0,0,0,0,0,0,0,0,0,0,0,0
s__Lactobacillus_delbrueckii,0,0,0,0,0,0,0,0,0,0,0,0,0,0,0,0,0,0,0,0,0,0,0,0,0
s__Lactobacillus_fermentum,0.033592401,0,0,0,0,0,0.068969668,0,0.001316243,0.00801606,0.053647406,0,0,0,0,0,0,0,0,0,0,0,0,0.007756769,0
s__Lactobacillus_gasseri,0,0,0,0,0,0,0,0,0.000306367,0,0.012044071,0,0,0,0,0.140144139,0.011872429,0,0,0,0,0,0,0,0
s__Lactobacillus_iners,0,0,0,0,0,0,0,0,0,0,0,0,0,0,0,0,0,0,0,0,0,0,0,0,0
s__Lactobacillus_mucosae,8.249144281,0,0,0,0,0,1.355644669,0,0,0.000786317,0,0,0,0,0,0,0.080457645,0,0,0,0,0,0,0,0
s__Lactobacillus_oris,0,0,0,0,0,0,0,0,0,0,0,0,0,0,0,0,0,0,0,0,0,0,0,0,0
s__Lactobacillus_plantarum,0,0,0,0,0,0,0,0,0,0,0,0,0,0,0,0,0,0,0,0,0,0,0,0,0
s__Lactobacillus_reuteri,0,0,0,0,0,0,0,0,0,0,0,0,0,0,0,0,0,0,0,0,0,0,0,0,0
s__Lactobacillus_rhamnosus,0,0,0,0,0,0,0,0,0,0,0,0,0,0,0,0,0,0,0,0,0.013212131,0.018485455,0,0,0
s__Lactobacillus_ruminis,0,0,0,0,0,0,0,0,0,0,0,0,0,0,0,0,0,0,0,0,0.215613384,0,0,0,0
s__Lactobacillus_sakei,0,0,0,0,0,0,0,0,0,0,0.010938026,0,0,0,0,0,0,0,0,0,0,0,0,0,0
s__Lactobacillus_salivarius,0,0,0,0,0,0,1.377157955,0,0.125145241,0.041074117,0,0,0,0,0,0,0,0,0,0,0,0,0,0,0
s__Lactobacillus_sanfranciscensis,0,0,0,0,0,0,0,0,0,0,0,0,0,0,0,0,0,0,0,0,0,0,0,0,0
s__Lactobacillus_vaginalis,0,0,0,0,0,0,0,0,0,0,0,0,0,0,0,0,0,0,0,0,0,0,0,0,0
s__Lactococcus_garvieae,0,0,0,0,0,0,0,0,0,0,0,0,0,0,0,0,0,0,0,0,0,0,0,0,0
s__Lactococcus_lactis,0,0,0,0,0,0,0,0,0,0,0,0,0,0,0,0,0,0,0,0,0.090751781,0.835474478,0,0,0
s__Lactococcus_raffinolactis,0,0,0,0,0,0,0,0,0,0,0,0,0,0,0,0,0,0,0,0,0,0,0,0,0
s__Leuconostoc_lactis,0,0,0,0,0,0,0,0,0,0,0,0,0,0,0,0,0,0,0,0,0,0,0,0,0
s__Leuconostoc_mesenteroides,0,0,0,0,0,0,0,0,0,0,0,0,0,0,0,0,0,0,0,0,0,0,0,0,0
s__Leuconostoc_pseudomesenteroides,0,0,0,0,0,0,0,0,0,0,0,0,0,0,0,0,0,0,0,0,0,0,0,0,0
s__Megamonas_funiformis,0,0,0,0,0,0.005665022,0,0.353154099,0.36787867,0,0,0,0,0,0,0,0,0,0,0,0,0,0,0,0
s__Megamonas_hypermegale,0,0,0,0,0.572736015,0.305869993,0,0.011664447,2.195312358,0,0,0,0,0,0,0,0,0,0,0,0,0,0,0,0
s__Megamonas_rupellensis,0,0,0,0,0.09103817,0.014924758,0,0.002404931,0,0,0,0,0,0,0,0,0,0,0,0,0,0,0,0,0
s__Megasphaera_elsdenii,0,0,0,0,0,0,0,0.000921714,0,0,0.136429812,0,0,0,0,0,0,0.932702989,0.586321147,0,0,0,0,0,0
s__Megasphaera_micronuciformis,0.046128465,0,0,0,0,0,0.004317013,0,0.000283673,0.198555842,0,0,0,0,0,0,0,0,0,0,0,0.005184306,0,0.007663935,0
s__Methanobrevibacter_smithii,0,0,0,0,0,0,0,0.038786139,0,0.092457717,0.524448989,0.014261411,0.454478123,0,0.000703032,2.997154205,0.01055879,0.118796815,0,0,0.093381229,0,0,0.024838165,3.160976167
s__Methanosphaera_stadtmanae,0,0,0,0,0,0,0,0,0,0,0,0,0,0,0,0,0,0,0,0,0,0,0,0.001237782,0
s__Mitsuokella_multacida,0,0,0,0,0,0,0,0.211909411,0,0,0.047946208,0.113325221,0,0,0,0,0,0,0,0,0.001975128,0,0,0.367219068,0
s__Morganella_morganii,0,0,0,0,0,0,0,0,0,0,0,0,0,0,0,0,0,0,0,0,0,0,0,0,0
s__Odoribacter_laneus,0,0,0,0,0,0,0,0,0,0,0,0,0,0,0,0,0,0,0,0,0,0,0,0,5.926631909
s__Odoribacter_splanchnicus,0.804039757,0,0.6827582,0,0,2.224458475,1.380357262,0,0.534406147,1.450502795,0,0,0.287338398,0.203053787,0.350563246,0.243750993,0.585093826,0.201190741,0,0,0.315267435,0,0.079269392,0.423857924,0.975945012
s__Oribacterium_sinus,0,0,0,0,0,0,0,0,0,0,0,0,0,0,0,0,0,0,0,0,0,0.001031625,0,0.005033648,0
s__Oscillibacter_sp_KLE_1728,0,0,0,0,0,0,0,0,0,0,0,0,0,0,0,0,0,0,0,0,0,0,0,0,0
s__Oscillibacter_sp_KLE_1745,0,0,0,0,0,0,0,0,0,0,0,0,0,0,0,0,0,0,0,0,0,0,0,0,0
s__Oxalobacter_formigenes,0,0,0,0,0,0,0,0,0,0,0.010188701,0,0,0,0,0.122986011,0,0,0,0,0,0,0,0.003321383,0.022367874
s__Parabacteroides_distasonis,0.0532464,1.539631063,1.420556895,0.403771195,0.625082192,0.50519637,1.498382966,0.228733335,0.015726839,0.165312127,0,0,4.553177436,0.126917085,4.038237739,0.510980448,0.188043598,0.579188417,0.410534527,0,0.044653299,0,0,0.083313065,1.114706413
s__Parabacteroides_goldsteinii,0.034601661,0,0.032620117,0,0,0.132664517,0,0.009164166,0.673542147,0,0.005582995,0,0,0.296634391,0,0.001919407,0,0,0,0,0.028692753,0,0,0.422558253,0
s__Parabacteroides_johnsonii,0,0.242565709,0.423162166,0,0,0.000412002,0,0.00943962,0.309112943,0.116953661,0,0,0.126200764,0,0,0.112223621,0,0,0,0,0.208929584,0,0,0.203140708,0.409324766
s__Parabacteroides_merdae,0.060364334,0.164395338,0.279212542,0.346542646,0.870621209,0.91026605,2.295010322,1.245616695,1.546790182,0.509347447,0.359844579,0,3.900594853,0.664968297,0,1.393702069,1.449650608,2.595428731,1.323658134,0,0.233152951,0,1.162616056,0.437721086,0.589305568
s__Paraprevotella_clara,0,0.043770106,0.30970595,0,0,0,0,0.040682539,0.600479294,0.18208688,0.058806135,0,0.171920481,0.313847965,0.157055102,0,0,0.521281415,0,0,0.077084059,0,0.269073145,0,0
s__Paraprevotella_xylaniphila,0,0,0.008326965,0,0,0,0,0,0.021196057,0.000633422,0,0,0.028671466,0.034935223,0,0,0,0.096332167,0,0,0,0,0.032135277,0.13087485,0
s__Parascardovia_denticolens,0,0,0,0,0,0,0,0,0,0,0,0,0,0,0,0,0,0,0,0,0,0,0,0,0
s__Parasutterella_excrementihominis,0.040731583,0.199570476,0.430907196,0,0,0,0.033828566,0,0,0,0,0,0.004013221,0.55017049,0,0.079271514,0.004172736,0.01174028,0,0,0,0,0,0.006900636,0
s__Parvimonas_micra,0,0,0,0,0,0,0,0,0,0,0,0,0,0,0,0,0,0,0,0,0,0,0,0,0.005201263
s__Pediococcus_pentosaceus,0,0,0,0,0,0,0,0,0,0,0,0,0,0,0,0,0,0,0,0,0,0,0,0,0
s__Peptoniphilus_harei,0,0,0,0,0,0,0,0,0,0,0,0,0,0,0,0,0,0,0,0,0,0,0,0,0
s__Peptoniphilus_lacrimalis,0,0,0,0,0,0,0,0,0,0,0,0,0,0,0,0,0,0,0,0,0,0,0,0,0
s__Peptostreptococcus_anaerobius,0,0,0,0,0,0,0,0,0,0,0,0,0,0,0,0,0,0,0,0,0,0,0,0,0
s__Peptostreptococcus_stomatis,0,0,0,0,0,0,0,0,0,0,0,0,0,0,0,0,0,0,0,0,0,0,0,0,0.041805459
s__Phascolarctobacterium_succinatutens,0,0,0,0,0,0,0.003148036,18.45387495,0.005548647,0,4.388776184,1.910189526,0,0,0,0,5.675374237,0,0,0,5.08440474,0,0,4.96263032,1.74263075
s__Porphyromonas_asaccharolytica,0,0,0,0,0,0,0,0,0,0,0,0,0,0,0,0,0,0,0,0,0,0,0,0,0
s__Porphyromonas_bennonis,0,0,0,0,0,0,0,0,0,0,0,0,0,0,0,0,0,0,0,0,0,0,0,0,0
s__Porphyromonas_somerae,0,0,0,0,0,0,0,0,0,0,0,0,0,0,0,0,0,0,0,0,0,0,0,0,0
s__Porphyromonas_uenonis,0,0,0,0,0,0,0,0,0,0,0,0,0,0,0,0,0,0,0,0,0,0,0,0,0
s__Prevotella_bivia,0,0,0,0,0,0,0,0,0,0,0,0,0,0,0,0,0,0,0,0,0,0,0,0,0
s__Prevotella_buccalis,0,0,0,0,0,0,0,0,0,0,0,0,0,0,0,0,0,0,0,0,0,0,0,0,0
s__Prevotella_copri,0.002794055,0,0.007300642,0.218679365,61.76373227,42.60386046,0.188912905,50.40988187,0.023930666,31.51281401,10.2149149,0.014807101,0.002803092,0,0,0.350703099,43.86709569,0.141248095,70.28979431,0,48.57955597,0,0.014958122,49.24242565,0.117419128
s__Prevotella_disiens,0,0,0,0,0,0,0,0,0,0,0,0,0,0,0,0,0,0,0,0,0,0,0,0,0
s__Prevotella_stercorea,0,11.24756119,8.339555632,0,0,0.000535602,0,0,0.00760244,2.846520407,0.174470163,0,0,0,0,0,0,0,0,0,2.6815354,0,0,0.007416379,0
s__Prevotella_timonensis,0,0,0,0,0,0,0,0,0,0,0,0,0,0,0,0,0,0,0,0,0,0,0,0,0
s__Propionibacterium_freudenreichii,0,0,0,0,0,0,0,0,0,0,0,0,0,0.001192282,0,0,0.023529597,0,0,0,0,0.035059524,0,0,0
s__Proteus_mirabilis,0,0,0,0,0,0,0,0,0,0,0,0,0,0,0,0,0,0,0,0,0,0,0,0,0
s__Pseudoflavonifractor_capillosus,0,0,0,0,0,0,0,0,0,0,0,0,0,0,0.001486968,0.0109132,0.007561705,0.001999361,0,0,0,0.000450354,0,0,0.039595532
s__Pyramidobacter_piscolens,0,0,0,0,0,0,0,0,0,0,0,0,0,0,0,0,0,0,0,0,0,0,0,0,0
s__Raoultella_ornithinolytica,0,0,0,0,0,0,0,0,0,0,0,0,0,0,0,0,0,0,0,0,0,0,0,0,0
s__Roseburia_hominis,0.580770337,0,0,0.344050867,0,0.184267719,2.523627444,0.052272824,0.033019553,0.298581856,0.081121227,0.074896018,0.206371807,0,0.019039053,0.402897263,0.606134132,0.146902449,0,0,0.02530624,0.015531971,0.135702074,0.039639979,0.132241508
s__Roseburia_intestinalis,0,0,0,0,0.20900457,0.199635379,0.275888928,1.128167054,2.60304143,0.023469364,2.618692512,0.173986064,0.701439672,0,0.804746983,0.004208986,0.255193746,0.002270526,6.132698506,69.03231671,0.360107297,14.44090533,2.433807004,0.791283289,0.155634983
s__Roseburia_inulinivorans,4.287333806,5.142278843,3.93719416,15.7543151,0.883587033,1.945059586,1.337197385,4.036269331,8.668131933,0.744062928,1.92193057,0.141438775,0.9302026,0,0.757316041,0.000664937,2.804167239,0.004246972,0.074716042,0,1.16260401,0,0.589240057,0.619623512,2.097037014
s__Rothia_dentocariosa,0,0,0,0,0,0,0,0,0,0,0,0,0,0,0,0,0,0,0,0,0,0.000858814,0,0.002186749,0
s__Rothia_mucilaginosa,0,0,0,0,0,0,0,0,0,0.018838833,0.014861953,0.015856506,0,0,0,0,0.001639289,0,0,0,0.021838613,0.000277544,0.008692913,0.088903715,0.017068934
s__Ruminococcaceae_bacterium_D16,0.000945517,0,0,0,0,0,0,0.001377273,0.013264556,0.025271339,0,0.001542625,0,0,0.000198076,0.002056508,0.057750452,0,0,0,0,3.290531389,0,0,0.581369368
s__Ruminococcus_albus,0,0,0,0,0,0,0,0,0,0,0,0,0,0,0,0.000294766,0,0,0,0,0,0,0,0,0.00157503
s__Ruminococcus_bromii,6.895058167,3.231942614,3.144302065,0,0,0.021537384,0.671075079,0.375381174,2.164721047,0,0.009327506,0,19.17926103,0.061416082,5.519453486,8.772410278,0.000590586,3.518948407,0,0,5.625434281,0,12.06248067,0.125253255,0
s__Ruminococcus_callidus,0,0,0,0,0,0,0,0.007225388,1.744238031,0.150284745,2.286963429,0.052108194,0,0,0,0.019536822,0.536141445,0.009166126,0,0,0.019785075,0,0.37092986,0.158126691,0
s__Ruminococcus_champanellensis,0,0,0,0,0,0,0,0,0,0,0,0,0,0,0,0,0.009692229,0,0,0,0,0,0,0,0
s__Ruminococcus_flavefaciens,0,0,0,0,0,0,0,0,0,0,0,0,0,0,0,0,0,0,0,0,0,0,0,0,0
s__Ruminococcus_gnavus,0.095826521,0.308338119,0.666146593,0.033041816,0,0.017170167,0.062027583,0.112851667,1.183336813,3.875732285,0,0,0,0,0.855464321,0.001987957,0.020764332,0,0,0,0,13.61904096,0,0.002867529,0.289573616
s__Ruminococcus_lactaris,0.39635209,0,0,0,0.065147617,0.0767971,0.011751299,0,0,0.587738835,0,0.221413912,1.395958453,0,0,0.74084316,0,0,0,0,0,0,1.600172922,0.027200266,0
s__Ruminococcus_obeum,0.275846522,0,0.141653625,0.21954428,0,0.042971768,0.1864519,0.358737354,0.054295038,0.008201718,0.053748723,0.053577361,0.233317719,0.003631041,0.09221575,1.239717633,0.067878722,0.145309835,0,0,0.458574378,0.011703964,0.22570528,0.092565487,5.979792238
s__Ruminococcus_sp_5_1_39BFAA,0,0,0,0,0,0,0,0.473135805,0,0,0,0,0.575175415,0,0.565766343,0,0,0,0,0,0,0,0.2837717,0,2.381372738
s__Ruminococcus_sp_JC304,0,0,0,0,0,0,0,0,0,0,0,0,0,0,0,0,0,0,0,0,0,0,0,0,0
s__Ruminococcus_torques,0.414975582,0,0.319990334,0.641530175,0,0.197029468,0.552413615,0.629562284,0.953981409,3.568752131,0.39357262,0.074953736,0.522846674,0.050590701,2.633307932,0.659521994,0.124133391,1.847871942,0,0,1.539100405,0.673818391,1.155826626,0.111039389,10.34164974
s__Saccharomyces_cerevisiae,0,0,0,0,0,0,0,0,0,0,0,0,0,0,0,0,0,0,0,0,0,0,0,0,0
s__Scardovia_wiggsiae,0,0,0,0,0,0,0,0,0,0,0,0,0,0,0,0,0,0,0,0,0,0,0,0,0
s__Shigella_flexneri,0,0,0,0,0,0,0,0,0,0,0,0,0,0,0,0,0,0,0,0,0,0,0,0,0
s__Shigella_sonnei,0,0,0.015140898,0,0,0,0,0,0,0,0,0,0,0,0,0,0,0,0,0,0,0,0,0,0
s__Slackia_piriformis,0,0,0,0,0,0,0,0,0.010529947,0,0,0.099557031,0,0,0,0,0,0,0,0,0,0,0,0,0.352037613
s__Solobacterium_moorei,0,0,0,0,0,0,0,0,0,0,0,0,0,0,0.001765949,0.012345901,0,0,0,0,0,0.033284292,0,0.002166119,0.003784957
s__Staphylococcus_aureus,0,0,0,0,0,0,0,0,0,0,0,0,0,0,0,0,0,0,0,0,0,0,0,0,0
s__Streptococcus_agalactiae,0,0,0,0,0,0,0,0,0,0,0,0,0,0,0,0,0,0,0,0,0,0,0,0.001774155,0
s__Streptococcus_anginosus,0.01671121,0,0,0,0,0,0.049045781,0,0.00394873,0,0.258447266,0,0,0,0,0.013243909,0.008334434,0,0,0,0,0,0,0,0.016079962
s__Streptococcus_australis,0,0,0,0,0,0,0,0,0,0,0,0,0.002808694,0,0,0,0,0,0,0,0,0,0,0.004703573,0.033673906
s__Streptococcus_constellatus,0,0,0,0,0,0,0,0,0,0,0,0,0,0,0,0,0,0,0,0,0,0,0,0,0
s__Streptococcus_cristatus,0,0,0,0,0,0,0,0,0,0,0,0,0,0,0,0,0,0,0,0,0,0,0,0.002413676,0
s__Streptococcus_gordonii,0,0,0,0,0,0,0,0,0.002133222,0.00400803,0.002060114,0,0,0,0,0,0.024445833,0,0,0,0,0,0,0.070780519,0.03780073
s__Streptococcus_infantarius,0,0,0.003766708,0,0,0,0,0,0,0.034576085,0,0,0,0,0,0,0,0,0,0,0,0,0,0,0
s__Streptococcus_infantis,0,0,0,0,0,0,0,0,0,0,0,0,0,0,0,0,0.007114626,0,0,0,0.01591999,0.010478582,0,0,0.01056125
s__Streptococcus_intermedius,0,0,0,0,0,0,0,0,0,0,0,0,0,0,0,0,0,0,0,0,0,0,0,0.004610739,0
s__Streptococcus_lutetiensis,0,0,0,0,0,0,0,0,0,0,0,0,0,0,0,0,0,0,0,0,0,0,0,0,0
s__Streptococcus_macedonicus,0,0,0,0,0,0,0,0,0,0,0,0,0,0,0,0,0,0,0,0,0,0.000706951,0,0,0
s__Streptococcus_mitis_oralis_pneumoniae,0,0,0,0,0,0,0,0,0,0,0.008626729,0,0,0,0,0,0.015112371,0,0,0,0.077407164,0.020653437,0,0.151411722,0.11287718
s__Streptococcus_mutans,0,0,0,0,0,0,0.058325821,0,0,0,0,0,0,0,0,0,0,0,0,0,0.00708937,0,0,0,0
s__Streptococcus_oligofermentans,0,0,0,0,0,0,0,0,0,0,0,0,0,0,0,0,0,0,0,0,0,0,0,0,0
s__Streptococcus_parasanguinis,0.248883361,0,0,0,0,0,0.392909721,0,0.077533542,0.394709051,1.390657453,0,0.009535368,0.01902232,0.00424051,0.143503102,2.52180103,0.001953531,0,0.185455073,0.127496458,0.015521498,0.056524293,4.433870345,0.305909978
s__Streptococcus_pasteurianus,0,0,0,0,0,0,0,0,0,0,0,0,0,0,0,0,0,0,0,0,0,0.024277215,0,0,0
s__Streptococcus_peroris,0,0,0,0,0,0,0,0,0,0,0,0,0,0,0,0,0,0,0,0,0,0,0,0,0
s__Streptococcus_salivarius,0.935827783,0,0.003988902,0.077914434,0,0.025265999,0.375159722,0.049327578,0.165562989,1.399228405,0.383390251,0,0.027128925,0.029359949,0.000241319,0.110036868,0.59114871,0.063400949,0,0,0.222101158,0.18422091,0.223674559,5.106409051,0.648753809
s__Streptococcus_sanguinis,0,0,0,0,0,0,0,0,0,0,0,0,0,0,0,0,0.007109107,0,0,0,0,0.001654789,0,0.016184004,0.091486069
s__Streptococcus_sobrinus,0,0,0,0,0,0,0,0,0,0,0,0,0,0,0,0,0,0,0,0,0,0,0,0,0
s__Streptococcus_thermophilus,0,0,0,0,0,0,0,0,0,0,0.002108662,0,0,0.374288543,0,0,0.126457098,0.159803772,0,0,0.112858071,1.338566864,0.006972653,0.013471198,0.006165817
s__Streptococcus_tigurinus,0,0,0,0,0,0,0,0,0,0,0.015480409,0,0,0,0,0,0,0,0,0,0,0.005765577,0,0,0
s__Streptococcus_vestibularis,0.030893961,0,0,0,0,0,0.126516171,0,0,0,0,0,0,0,0,0,0.019980564,0,0,0,0.130023162,0.00610596,0,0.033451067,0.011806623
s__Subdoligranulum_sp_4_3_54A2FAA,0,0,0,0,0,0,0,0,0.269659683,0,0,0,0,0,0,0,0,0,0,0,0,0,0,0,0.727847197
s__Subdoligranulum_variabile,0,0,0,0,0,0,0,0,0,0,0,0,0,0,0,0,0,0,0,0,0,0,0,0,0.001538402
s__Succinatimonas_hippei,0,0,0,0,0,0,0,0,0,0,0,0,0,0,0,0,0,0,0,0,0.011602017,0,0,0.005549391,0
s__Sutterella_wadsworthensis,0,0,0,0,0,0,0,2.083719367,0,1.470248076,0,0.991414662,0.759692068,0,0,0,1.604577249,0,0,0,0.018353412,0,0,0.210134178,0.223727577
s__Turicibacter_sanguinis,0,0,0,0,0,0,0.011054015,0,0,0,0,0,0,0,0,0.000932283,0,0,0,0,0,0.003445731,0,0,0
s__Varibaculum_cambriense,0,0,0,0,0,0,0,0,0,0,0,0,0,0,0,0,0,0,0,0,0,0,0,0,0
s__Veillonella_atypica,0.651089156,0,0.026483345,0,0,0.043064468,0.218527,0.000519126,0.147078848,0.81129299,0.012063068,0,0,0,0,0,0.002489291,0,0,0,0,0.016333182,0.011665197,0.162634281,0.005213473
s__Veillonella_dispar,0.619111569,0,0,0,0,0.003769815,0.189846036,0,0.021286832,0.410096828,0,0,0,0,0,0,0.000242858,0,0,0,0,0.00014139,0.003303103,0.04791249,0
s__Veillonella_parvula,0.467382703,0,0.0537814,0.023785165,0,0.048132088,0.361449872,0.000964091,0.088630835,1.897283473,0,0,0,0,0,0,0.085165773,0,0,23.54494027,0.000150061,0.002859223,0.00711007,0.092637691,0.019999223
s__Weissella_cibaria,0,0,0,0,0,0,0,0,0,0.023414759,0,0,0,0,0,0,0,0,0,0,0,0,0,0,0
s__Weissella_confusa,0.009529533,0,0,0,0,0,0,0,0,0.453529895,0,0,0,0,0,0,0,0,0,0,0,0,0,0,0
s__Achromobacter_piechaudii,0,0,0,0,0,0,0,0,0,0,0,0,0,0,0,0,0,0,0,0,0,0,0,0,0
s__Acidaminococcus_sp_BV3L6,0,0,0,0,0,0,0,0,0,0,0,0,0,0,0,0,0,0,0,0,0,0,0,0,0
s__Acidaminococcus_sp_D21,0,0,0,0,0,0,0,0,0,0,0,0,0,0,0,0,0,0,0,0,0,0,0,0,0
s__Acidaminococcus_sp_HPA0509,0,0,0,0,0,0,0,0,0,0,0,0,0,0,0,0,0,0,0,0,0,0,0,0,0
s__Acinetobacter_junii,0,0,0,0,0,0,0,0,0,0,0,0,0,0,0,0,0,0,0,0,0,0,0,0,0
s__Acinetobacter_pittii_calcoaceticus_nosocomialis,0,0,0,0,0,0,0,0,0,0,0,0,0,0,0,0,0,0,0,0,0,0,0,0,0
s__Actinobaculum_schaalii,0,0,0,0,0,0,0,0,0,0,0,0,0,0,0,0,0,0,0,0,0,0,0,0,0
s__Actinomyces_cardiffensis,0,0,0,0,0,0,0,0,0,0,0,0,0,0,0,0,0,0,0,0,0,0,0,0,0
s__Actinomyces_europaeus,0,0,0,0,0,0,0,0,0,0,0,0,0,0,0,0,0,0,0,0,0,0,0,0,0
s__Actinomyces_johnsonii,0,0,0,0,0,0,0,0,0,0,0,0,0,0,0,0,0,0,0,0,0,0,0,0,0
s__Actinomyces_massiliensis,0,0,0,0,0,0,0,0,0,0,0,0,0,0,0,0,0,0,0,0,0,0,0,0,0
s__Actinomyces_naeslundii,0,0,0,0,0,0,0,0,0,0,0,0,0,0,0,0,0,0,0,0,0,0,0,0,0
s__Actinomyces_sp_HPA0247,0,0,0,0,0,0,0,0,0,0,0,0,0,0,0,0,0,0,0,0,0,0,0,0,0
s__Actinomyces_sp_ICM47,0,0,0,0,0,0,0,0,0,0,0,0,0,0,0,0,0,0,0,0,0,0,0,0,0
s__Actinomyces_timonensis,0,0,0,0,0,0,0,0,0,0,0,0,0,0,0,0,0,0,0,0,0,0,0,0,0
s__Aeromonas_hydrophila,0,0,0,0,0,0,0,0,0,0,0,0,0,0,0,0,0,0,0,0,0,0,0,0,0
s__Aeromonas_veronii,0,0,0,0,0,0,0,0,0,0,0,0,0,0,0,0,0,0,0,0,0,0,0,0,0
s__Aggregatibacter_aphrophilus,0,0,0,0,0,0,0,0,0,0,0,0,0,0,0,0,0,0,0,0,0,0,0,0,0
s__Alloprevotella_rava,0,0,0,0,0,0,0,0,0,0,0,0,0,0,0,0,0,0,0,0,0,0,0,0,0
s__Alloprevotella_tannerae,0,0,0,0,0,0,0,0,0,0,0,0,0,0,0,0,0,0,0,0,0,0,0,0,0
s__Anaerococcus_lactolyticus,0,0,0,0,0,0,0,0,0,0,0,0,0,0,0,0,0,0,0,0,0,0,0,0,0
s__Anaerostipes_sp_3_2_56FAA,0,0,0,0,0,0,0,0,0,0,0,0,0,0,0,0,0,0,0,0,0,0,0,0,0
s__Arcobacter_butzleri,0,0,0,0,0,0,0,0,0,0,0,0,0,0,0,0,0,0,0,0,0,0,0,0,0
s__Atopobium_minutum,0,0,0,0,0,0,0,0,0,0,0,0,0,0,0,0,0,0,0,0,0,0,0,0,0
s__Bacillus_licheniformis,0,0,0,0,0,0,0,0,0,0,0,0,0,0,0,0,0,0,0,0,0,0,0,0,0
s__Bacillus_subtilis,0,0,0,0,0,0,0,0,0,0,0,0,0,0,0,0,0,0,0,0,0,0,0,0,0
s__Bacteroides_barnesiae,0,0,0,0,0,0,0,0,0,0,0,0,0,0,0,0,0,0,0,0,0,0,0,0,0
s__Bacteroides_fluxus,0,0,0,0,0,0,0,0,0,0,0,0,0,0,0,0,0,0,0,0,0,0,0,0,0.001538402
s__Bacteroides_salanitronis,0,0,0,0,0,0,0,0,0,0,0,0,0,0,0,0,0,0,0,0,0,0,0,0,0
s__Bacteroides_sp_1_1_14,0,0,0,0,0,0,0,0,0,0,0,0,0,0,0,0,0,0,0,0,0,0,0,0,0
s__Bacteroides_sp_1_1_30,0,0,0,0,0,0,0,0,0,0,0,0,0,0,0,0,0,0,0,0,0,0,0.438422086,0,0
s__Bacteroides_sp_1_1_6,0,0,0,0,0,0,0,0,0,0,0,0,0,0,0,0,0,0,0,0,0,0,0,0,0
s__Bacteroides_sp_3_1_40A,0,0,0,0,0,0,0,0,0,0,0,0,0,0,0,0,0,0,0,0,0,0,0,0,0
s__Bacteroides_sp_3_2_5,0,0,0,0,0,0,0,0,0,0,0,0,0,0,0,0,0,0,0,0,0,0,0,0,0
s__Bacteroides_sp_9_1_42FAA,0,0,0,0,0,0,0,0,0,0,0,0,0,0,0,0,0,0,0,0,0,0,0,0,0
s__Bacteroidetes_bacterium_oral_taxon_272,0,0,0,0,0,0,0,0,0,0,0,0,0,0,0,0,0,0,0,0,0,0,0,0,0
s__Bifidobacterium_pseudolongum,0,0,0,0,0,0,0,0,0,0,0,0,0,0,0,0,0,0,0,0,0,0,0,0,0
s__Bilophila_sp_4_1_30,0,0,0,0,0,0,0,0,0,0,0,0,0,0,0,0,0,0,0,0,0,0,0,0,0
s__Brachyspira_pilosicoli,0,0,0,0,0,0,0,0,0,0,0,0,0,0,0,0,0,0,0,0,0,0,0,0,0
s__Brevibacterium_linens,0,0,0,0,0,0,0,0,0,0,0,0,0,0,0,0,0,0,0,0,0,0,0,0,0
s__Bulleidia_extructa,0,0,0,0,0,0,0,0,0,0,0,0,0,0,0,0,0,0,0,0,0,0,0,0,0
s__Campylobacter_concisus,0,0,0,0,0,0,0,0,0,0,0,0,0,0,0,0,0,0,0,0,0,0,0,0.008953292,0
s__Campylobacter_curvus,0,0,0,0,0,0,0,0,0,0,0,0,0,0,0,0,0,0,0,0,0,0,0,0,0
s__Campylobacter_gracilis,0,0,0,0,0,0,0,0,0,0,0,0,0,0,0,0,0,0,0,0,0,0,0,0,0
s__Campylobacter_jejuni,0,0,0,0,0,0,0,0,0,0,0,0,0,0,0,0,0,0,0,0,0,0,0,0,0
s__Campylobacter_showae,0,0,0,0,0,0,0,0,0,0,0,0,0,0,0,0,0,0,0,0,0,0,0,0,0
s__Campylobacter_ureolyticus,0,0,0,0,0,0,0,0,0,0,0,0,0,0,0,0,0,0,0,0,0,0,0,0,0
s__Candida_albicans,0,0,0,0,0,0,0,0,0,0,0,0,0,0,0,0,0,0,0,0,0,0,0,0,0
s__Cardiobacterium_valvarum,0,0,0,0,0,0,0,0,0,0,0,0,0,0,0,0,0,0,0,0,0,0,0,0,0
s__Carnobacterium_maltaromaticum,0,0,0,0,0,0,0,0,0,0,0,0,0,0,0,0,0,0,0,0,0,0,0,0,0
s__Catonella_morbi,0,0,0,0,0,0,0,0,0,0,0,0,0,0,0,0,0,0,0,0,0,0,0,0,0
s__Centipeda_periodontii,0,0,0,0,0,0,0,0,0,0,0,0,0,0,0,0,0,0,0,0,0,0,0,0,0
s__Citrobacter_koseri,0,0,0,0,0,0,0,0,0,0,0,0,0,0,0,0,0,0,0,0,0,0,0,0,0
s__Clostridiales_bacterium_BV3C26,0,0,0,0,0,0,0,0,0,0,0,0,0,0,0,0,0,0,0,0,0,0,0,0,0
s__Clostridium_bifermentans,0,0,0,0,0,0,0,0,0,0,0,0,0,0,0,0,0,0,0,0,0,0,0,0,0
s__Clostridium_butyricum,0,0,0,0,0,0,0,0,0,0,0,0,0,0,0,0,0,0,0,0,0,0,0,0,0
s__Clostridium_glycolicum,0,0,0,0,0,0,0,0,0,0,0,0,0,0,0,0,0,0,0,0,0,0,0,0,0
s__Clostridium_sp_D5,0,0,0,0,0,0,0,0,0,0,0,0,0,0,0,0,0,0,0,0,0,0,0,0,0
s__Collinsella_stercoris,0,0,0,0,0,0,0,0,0,0,0,0,0,0,0,0,0,0,0,0,0,0,0,0,0
s__Comamonas_testosteroni,0,0,0,0,0,0,0,0,0,0,0,0,0,0,0,0,0,0,0,0,0,0,0,0,0
s__Coriobacteriaceae_bacterium_BV3Ac1,0,0,0,0,0,0,0,0,0,0,0,0,0,0,0,0,0,0,0,0,0,0,0,0,0
s__Corynebacterium_accolens,0,0,0,0,0,0,0,0,0,0,0,0,0,0,0,0,0,0,0,0,0,0,0,0,0
s__Corynebacterium_casei,0,0,0,0,0,0,0,0,0,0,0,0,0,0,0,0,0,0,0,0,0,0,0,0,0
s__Corynebacterium_kroppenstedtii,0,0,0,0,0,0,0,0,0,0,0,0,0,0,0,0,0,0,0,0,0,0,0,0,0
s__Corynebacterium_propinquum,0,0,0,0,0,0,0,0,0,0,0,0,0,0,0,0,0,0,0,0,0,0,0,0,0
s__Corynebacterium_pyruviciproducens,0,0,0,0,0,0,0,0,0,0,0,0,0,0,0,0,0,0,0,0,0,0,0,0,0
s__Corynebacterium_variabile,0,0,0,0,0,0,0,0,0,0,0,0,0,0,0,0,0,0,0,0,0,0,0,0,0
s__Cronobacter_malonaticus,0,0,0,0,0,0,0,0,0,0,0,0,0,0,0,0,0,0,0,0,0,0,0,0,0
s__Cronobacter_sakazakii,0,0,0,0,0,0,0,0,0,0,0,0,0,0,0,0,0,0,0,0,0,0,0,0,0
s__Cryptobacterium_curtum,0,0,0,0,0,0,0,0,0,0,0,0,0,0,0,0,0,0,0,0,0,0,0,0,0
s__Dialister_micraerophilus,0,0,0,0,0,0,0,0,0,0,0,0,0,0,0,0,0,0,0,0,0,0,0,0,0
s__Dysgonomonas_gadei,0,0,0,0,0,0,0,0,0,0,0,0,0,0,0,0,0,0,0,0,0,0,0,0,0
s__Dysgonomonas_mossii,0,0,0,0,0,0,0,0,0,0,0,0,0,0,0,0,0,0,0,0,0,0,0,0,0
s__Eggerthella_sp_1_3_56FAA,0,0,0,0,0,0,0,0,0,0,0,0,0,0,0,0,0,0,0,0,0,0,0,0,0
s__Eggerthia_catenaformis,0,0,0,0,0,0,0,0,0,0,0,0,0,0,0,0,0,0,0,0,0,0,0,0,0
s__Eikenella_corrodens,0,0,0,0,0,0,0,0,0,0,0,0,0,0,0,0,0,0,0,0,0,0,0,0,0
s__Enhydrobacter_aerosaccus,0,0,0,0,0,0,0,0,0,0,0,0,0,0,0,0,0,0,0,0,0,0,0,0,0
s__Enterobacter_mori,0,0,0,0,0,0,0,0,0,0,0,0,0,0,0,0,0,0,0,0,0,0,0,0,0
s__Enterobacteria_phage_lambda,0,0,0,0,0,0,0,0,0,0,0,0,0,0,0,0,0,0,0,0,0,0,0,0,0
s__Enterobacteria_phage_mEp237,0,0,0,0,0,0,0,0,0,0,0,0,0,0,0,0,0,0,0,0,0,0,0,0,0
s__Enterobacteria_phage_RB69,0,0,0,0,0,0,0,0,0,0,0,0,0,0,0,0,0,0,0,0,0,0,0,0,0
s__Enterobacteriaceae_bacterium_9_2_54FAA,0,0,0,0,0,0,0,0,0,0,0,0,0,0,0,0,0,0,0,0,0,0,0,0,0
s__Enterococcus_asini,0,0,0,0,0,0,0,0,0,0,0,0,0,0,0,0,0,0,0,0,0,0,0,0,0
s__Enterococcus_dispar,0,0,0,0,0,0,0,0,0,0,0,0,0,0,0,0,0,0,0,0,0,0,0,0,0
s__Enterococcus_gallinarum,0,0,0,0,0,0,0,0,0,0,0,0,0,0,0,0,0,0,0,0,0,0,0,0,0
s__Enterococcus_gilvus,0,0,0,0,0,0,0,0,0,0,0,0,0,0,0,0,0,0,0,0,0,0,0,0,0
s__Enterococcus_hirae,0,0,0,0,0,0,0,0,0,0,0,0,0,0,0,0,0,0,0,0,0,0,0,0,0
s__Enterococcus_malodoratus,0,0,0,0,0,0,0,0,0,0,0,0,0,0,0,0,0,0,0,0,0,0,0,0,0
s__Enterococcus_mundtii,0,0,0,0,0,0,0,0,0,0,0,0,0,0,0,0,0,0,0,0,0,0,0,0,0
s__Enterococcus_phage_phiEF24C,0,0,0,0,0,0,0,0,0,0,0,0,0,0,0,0,0,0,0,0,0,0,0,0,0
s__Enterorhabdus_caecimuris,0,0,0,0,0,0,0,0,0,0,0,0,0,0,0,0,0,0,0,0,0,0,0,0,0
s__Escherichia_albertii,0,0,0,0,0,0,0,0,0,0,0,0,0,0,0,0,0,0,0,0,0,0,0,0,0
s__Escherichia_phage_phAPEC8,0,0,0,0,0,0,0,0,0,0,0,0,0,0,0,0,0,0,0,0,0,0,0,0,0
s__Eubacteriaceae_bacterium_ACC19a,0,0,0,0,0,0,0,0,0,0,0,0,0,0,0,0,0,0,0,0,0,0,0,0,0
s__Eubacteriaceae_bacterium_CM5,0,0,0,0,0,0,0,0,0,0,0,0,0,0,0,0,0,0,0,0,0,0,0,0,0
s__Eubacterium_saphenum,0,0,0,0,0,0,0,0,0,0,0,0,0,0,0,0,0,0,0,0,0,0,0,0,0
s__Facklamia_hominis,0,0,0,0,0,0,0,0,0,0,0,0,0,0,0,0,0,0,0,0,0,0,0,0,0
s__Filifactor_alocis,0,0,0,0,0,0,0,0,0,0,0,0,0,0,0,0,0,0,0,0,0,0,0,0,0
s__Fretibacterium_fastidiosum,0,0,0,0,0,0,0,0,0,0,0,0,0,0,0,0,0,0,0,0,0,0,0,0,0
s__Fusobacterium_necrophorum,0,0,0,0,0,0,0,0,0,0,0,0,0,0,0,0,0,0,0,0,0,0,0,0,0
s__Giardia_intestinalis,0,0,0,0,0,0,0,0,0,0,0,0,0,0,0,0,0,0,0,0,0,0,0,0,0
s__Haemophilus_influenzae,0,0,0,0,0,0,0,0,0,0,0,0,0,0,0,0,0,0,0,0,0,0,0,0,0
s__Haemophilus_parahaemolyticus,0,0,0,0,0,0,0,0,0,0,0,0,0,0,0,0,0,0,0,0,0,0,0,0,0
s__Hafnia_alvei,0,0,0,0,0,0,0,0,0,0,0,0,0,0,0,0,0,0,0,0,0,0,0,0,0
s__Helicobacter_cinaedi,0,0,0,0,0,0,0,0,0,0,0,0,0,0,0,0,0,0,0,0,0,0,0,0,0
s__Jonquetella_anthropi,0,0,0,0,0,0,0,0,0,0,0,0,0,0,0,0,0,0,0,0,0,0,0,0,0
s__Klebsiella_phage_KP36,0,0,0,0,0,0,0,0,0,0,0,0,0,0,0,0,0,0,0,0,0,0,0,0,0
s__Klebsiella_sp_MS_92_3,0,0,0,0,0,0,0,0,0,0,0,0,0,0,0,0,0,0,0,0,0,0,0,0,0
s__Klebsiella_variicola,0,0,0,0,0,0,0,0,0,0,0,0,0,0,0,0,0,0,0,0,0,0,0,0,0
s__Lachnoanaerobaculum_saburreum,0,0,0,0,0,0,0,0,0,0,0,0,0,0,0,0,0,0,0,0,0,0,0,0,0
s__Lachnospiraceae_bacterium_ICM7,0,0,0,0,0,0,0,0,0,0,0,0,0,0,0,0,0,0,0,0,0,0,0,0,0
s__Lachnospiraceae_bacterium_oral_taxon_082,0,0,0,0,0,0,0,0,0,0,0,0,0,0,0,0,0,0,0,0,0,0,0,0,0
s__Lachnospiraceae_oral_taxon_107,0,0,0,0,0,0,0,0,0,0,0,0,0,0,0,0,0,0,0,0,0,0,0,0,0
s__Lactobacillus_antri,0,0,0,0,0,0,0,0,0,0,0,0,0,0,0,0,0,0,0,0,0,0,0,0,0
s__Lactobacillus_brevis,0,0,0,0,0,0,0,0,0,0,0,0,0,0,0,0,0,0,0,0,0,0,0,0,0
s__Lactobacillus_gastricus,0,0,0,0,0,0,0,0,0,0,0,0,0,0,0,0,0,0,0,0,0,0,0,0,0
s__Lactobacillus_johnsonii,0,0,0,0,0,0,0,0,0,0,0,0,0,0,0,0,0,0,0,0,0,0,0,0,0
s__Lactobacillus_kefiranofaciens,0,0,0,0,0,0,0,0,0,0,0,0,0,0,0,0,0,0,0,0,0,0,0,0,0
s__Lactobacillus_murinus,0,0,0,0,0,0,0,0,0,0,0,0,0,0,0,0,0,0,0,0,0,0,0,0,0
s__Lactobacillus_phage_J_1,0,0,0,0,0,0,0,0,0,0,0,0,0,0,0,0,0,0,0,0,0,0,0,0,0
s__Lactobacillus_phage_Lc_Nu,0,0,0,0,0,0,0,0,0,0,0,0,0,0,0,0,0,0,0,0,0,0,0,0,0
s__Lactobacillus_phage_PL_1,0,0,0,0,0,0,0,0,0,0,0,0,0,0,0,0,0,0,0,0,0,0,0,0,0
s__Lactobacillus_sp_7_1_47FAA,0,0,0,0,0,0,0,0,0,0,0,0,0,0,0,0,0,0,0,0,0,0,0,0,0
s__Lactobacillus_ultunensis,0,0,0,0,0,0,0,0,0,0,0,0,0,0,0,0,0,0,0,0,0,0,0,0,0
s__Lactobacillus_versmoldensis,0,0,0,0,0,0,0,0,0,0,0,0,0,0,0,0,0,0,0,0,0,0,0,0,0
s__Lactococcus_phage_936_sensu_lato,0,0,0,0,0,0,0,0,0,0,0,0,0,0,0,0,0,0,0,0,0,0,0,0,0
s__Lactococcus_phage_P680,0,0,0,0,0,0,0,0,0,0,0,0,0,0,0,0,0,0,0,0,0,0,0,0,0
s__Lactococcus_phage_phi7,0,0,0,0,0,0,0,0,0,0,0,0,0,0,0,0,0,0,0,0,0,0,0,0,0
s__Lautropia_mirabilis,0,0,0,0,0,0,0,0,0,0,0,0,0,0,0,0,0,0,0,0,0,0,0,0,0
s__Leptotrichia_hofstadii,0,0,0,0,0,0,0,0,0,0,0,0,0,0,0,0,0,0,0,0,0,0,0,0,0
s__Leptotrichia_shahii,0,0,0,0,0,0,0,0,0,0,0,0,0,0,0,0,0,0,0,0,0,0,0,0,0
s__Leptotrichia_wadei,0,0,0,0,0,0,0,0,0,0,0,0,0,0,0,0,0,0,0,0,0,0,0,0,0
s__Leuconostoc_carnosum,0,0,0,0,0,0,0,0,0,0,0,0,0,0,0,0,0,0,0,0,0,0,0,0,0
s__Leuconostoc_citreum,0,0,0,0,0,0,0,0,0,0,0,0,0,0,0,0,0,0,0,0,0,0,0,0,0
s__Leuconostoc_gelidum,0,0,0,0,0,0,0,0,0,0,0,0,0,0,0,0,0,0,0,0,0,0,0,0,0
s__Macrococcus_caseolyticus,0,0,0,0,0,0,0,0,0,0,0,0,0,0,0,0,0,0,0,0,0,0,0,0,0
s__Marvinbryantia_formatexigens,0,0,0,0,0,0,0,0,0,0,0,0,0,0,0,0,0,0,0,0,0,0,0,0,0
s__Megasphaera_genomosp_type_1,0,0,0,0,0,0,0,0,0,0,0,0,0,0,0,0,0,0,0,0,0,0,0,0,0
s__Meiothermus_silvanus,0,0,0,0,0,0,0,0,0,0,0,0,0,0,0,0,0,0,0,0,0,0,0,0,0
s__Mobiluncus_curtisii,0,0,0,0,0,0,0,0,0,0,0,0,0,0,0,0,0,0,0,0,0,0,0,0,0
s__Mogibacterium_sp_CM50,0,0,0,0,0,0,0,0,0,0,0,0,0,0,0,0,0,0,0,0,0,0,0,0,0
s__Moraxella_catarrhalis,0,0,0,0,0,0,0,0,0,0,0,0,0,0,0,0,0,0,0,0,0,0,0,0,0
s__Neisseria_flavescens,0,0,0,0,0,0,0,0,0,0,0,0,0,0,0,0,0,0,0,0,0,0,0,0,0
s__Neisseria_meningitidis,0,0,0,0,0,0,0,0,0,0,0,0,0,0,0,0,0,0,0,0,0,0,0,0,0
s__Neisseria_subflava,0,0,0,0,0,0,0,0,0,0,0,0,0,0,0,0,0,0,0,0,0,0,0,0,0
s__Olsenella_uli,0,0,0,0,0,0,0,0,0,0,0,0,0,0,0,0,0,0,0,0,0,0,0,0,0
s__Oribacterium_sp_oral_taxon_078,0,0,0,0,0,0,0,0,0,0,0,0,0,0,0,0,0,0,0,0,0,0,0,0,0
s__Parabacteroides_sp_20_3,0,0,0,0,0,0,0,0,0,0,0,0,0,0,0,0,0,0,0,0,0,0,0,0,0
s__Parabacteroides_sp_D13,0,0,0,0,0,0,0,0,0,0,0,0,0,0,0,0,0,0,0,0,0,0,0,0,0
s__Parvimonas_sp_oral_taxon_110,0,0,0,0,0,0,0,0,0,0,0,0,0,0,0,0,0,0,0,0,0,0,0,0,0
s__Pediococcus_acidilactici,0,0,0,0,0,0,0,0,0,0,0,0,0,0,0,0,0,0,0,0,0,0,0,0,0
s__Porphyromonas_endodontalis,0,0,0,0,0,0,0,0,0,0,0,0,0,0,0,0,0,0,0,0,0,0,0,0,0
s__Porphyromonas_gingivalis,0,0,0,0,0,0,0,0,0,0,0,0,0,0,0,0,0,0,0,0,0,0,0,0,0
s__Prevotella_amnii,0,0,0,0,0,0,0,0,0,0,0,0,0,0,0,0,0,0,0,0,0,0,0,0,0
s__Prevotella_baroniae,0,0,0,0,0,0,0,0,0,0,0,0,0,0,0,0,0,0,0,0,0,0,0,0,0
s__Prevotella_buccae,0,0,0,0,0,0,0,0,0,0,0,0,0,0,0,0,0,0,0,0,0,0,0,0,0
s__Prevotella_dentalis,0,0,0,0,0,0,0,0,0,0,0,0,0,0,0,0,0,0,0,0,0,0,0,0,0
s__Prevotella_denticola,0,0,0,0,0,0,0,0,0,0,0,0,0,0,0,0,0,0,0,0,0,0,0,0,0
s__Prevotella_histicola,0,0,0,0,0,0,0,0,0,0,0,0,0,0,0,0,0,0,0,0,0,0,0,0,0
s__Prevotella_intermedia,0,0,0,0,0,0,0,0,0,0,0,0,0,0,0,0,0,0,0,0,0,0,0,0,0
s__Prevotella_melaninogenica,0,0,0,0,0,0,0,0,0,0,0,0,0,0,0,0,0,0,0,0,0,0,0,0,0
s__Prevotella_multisaccharivorax,0,0,0,0,0,0,0,0,0,0,0,0,0,0,0,0,0,0,0,0,0,0,0,0,0
s__Prevotella_nanceiensis,0,0,0,0,0,0,0,0,0,0,0,0,0,0,0,0,0,0,0,0,0,0,0,0,0
s__Prevotella_nigrescens,0,0,0,0,0,0,0,0,0,0,0,0,0,0,0,0,0,0,0,0,0,0,0,0,0
s__Prevotella_oralis,0,0,0,0,0,0,0,0,0,0,0,0,0,0,0,0,0,0,0,0,0,0,0,0,0
s__Prevotella_oris,0,0,0,0,0,0,0,0,0,0,0,0,0,0,0,0,0,0,0,0,0,0,0,0,0
s__Prevotella_oulorum,0,0,0,0,0,0,0,0,0,0,0,0,0,0,0,0,0,0,0,0,0,0,0,0,0
s__Prevotella_pallens,0,0,0,0,0,0,0,0,0,0,0,0,0,0,0,0,0,0,0,0,0,0,0,0,0
s__Prevotella_salivae,0,0,0,0,0,0,0,0,0,0,0,0,0,0,0,0,0,0,0,0,0,0,0,0,0
s__Prevotella_sp_oral_taxon_473,0,0,0,0,0,0,0,0,0,0,0,0,0,0,0,0,0,0,0,0,0,0,0,0,0
s__Prevotella_veroralis,0,0,0,0,0,0,0,0,0,0,0,0,0,0,0,0,0,0,0,0,0,0,0,0,0
s__Propionibacterium_acnes,0,0,0,0,0,0,0,0,0,0,0,0,0,0,0,0,0,0,0,0,0,0,0,0,0
s__Propionibacterium_phage_P100_A,0,0,0,0,0,0,0,0,0,0,0,0,0,0,0,0,0,0,0,0,0,0,0,0,0.041256029
s__Propionibacterium_phage_P100D,0,0,0,0,0,0,0,0,0,0,0,0,0,0,0,0,0,0,0,0,0,0,0,0,0
s__Propionibacterium_phage_P14_4,0,0,0,0,0,0,0,0,0,0,0,0,0,0,0,0,0,0,0,0,0,0,0,0,0
s__Propionibacterium_propionicum,0,0,0,0,0,0,0,0,0,0,0,0,0,0,0,0,0,0,0,0,0,0,0,0,0
s__Proteus_penneri,0,0,0,0,0,0,0,0,0,0,0,0,0,0,0,0,0,0,0,0,0,0,0,0,0
s__Pseudomonas_aeruginosa,0,0,0,0,0,0,0,0,0,0,0,0,0,0,0,0,0,0,0,0,0,0,0,0,0
s__Pseudomonas_fragi,0,0,0,0,0,0,0,0,0,0,0,0,0,0,0,0,0,0,0,0,0,0,0,0,0
s__Pseudomonas_phage_JG024,0,0,0,0,0,0,0,0,0,0,0,0,0,0,0,0,0,0,0,0,0,0,0,0,0
s__Pseudomonas_phage_LBL3,0,0,0,0,0,0,0,0,0,0,0,0,0,0,0,0,0,0,0,0,0,0,0,0,0
s__Pseudoramibacter_alactolyticus,0,0,0,0,0,0,0,0,0,0,0,0,0,0,0,0,0,0,0,0,0,0,0,0,0
s__Rhizobium_lupini,0,0,0,0,0,0,0,0,0,0,0,0,0,0,0,0,0,0,0,0,0,0,0,0,0
s__Rothia_aeria,0,0,0,0,0,0,0,0,0,0,0,0,0,0,0,0,0,0,0,0,0,0,0,0,0
s__Ruminococcus_sp,0,0,0,0,0,0,0,0,0,0,0,0,0,0,0,0,0,0,0,0,0,0,0,0,0
s__Salmonella_phage_Vi_II_E1,0,0,0,0,0,0,0,0,0,0,0,0,0,0,0,0,0,0,0,0,0,0,0,0,0
s__Scardovia_inopinata,0,0,0,0,0,0,0,0,0,0,0,0,0,0,0,0,0,0,0,0,0,0,0,0,0
s__Selenomonas_artemidis,0,0,0,0,0,0,0,0,0,0,0,0,0,0,0,0,0,0,0,0,0,0,0,0,0
s__Selenomonas_bovis,0,0,0,0,0,0,0,0,0,0,0,0,0,0,0,0,0,0,0,0,0,0,0,0,0
s__Selenomonas_flueggei,0,0,0,0,0,0,0,0,0,0,0,0,0,0,0,0,0,0,0,0,0,0,0,0,0
s__Selenomonas_infelix,0,0,0,0,0,0,0,0,0,0,0,0,0,0,0,0,0,0,0,0,0,0,0,0,0
s__Selenomonas_noxia,0,0,0,0,0,0,0,0,0,0,0,0,0,0,0,0,0,0,0,0,0,0,0,0,0
s__Selenomonas_sputigena,0,0,0,0,0,0,0,0,0,0,0,0,0,0,0,0,0,0,0,0,0,0,0,0,0
s__Serratia_liquefaciens,0,0,0,0,0,0,0,0,0,0,0,0,0,0,0,0,0,0,0,0,0,0,0,0,0
s__Serratia_marcescens,0,0,0,0,0,0,0,0,0,0,0,0,0,0,0,0,0,0,0,0,0,0,0,0,0
s__Shuttleworthia_satelles,0,0,0,0,0,0,0,0,0,0,0,0,0,0,0,0,0,0,0,0,0,0,0,0,0
s__Slackia_exigua,0,0,0,0,0,0,0,0,0,0,0,0,0,0,0,0,0,0,0,0,0,0,0,0,0
s__Staphylococcus_phage_PVL,0,0,0,0,0,0,0,0,0,0,0,0,0,0,0,0,0,0,0,0,0,0,0,0,0
s__Staphylococcus_xylosus,0,0,0,0,0,0,0,0,0,0,0,0,0,0,0,0,0,0,0,0,0,0,0,0,0
s__Stenotrophomonas_maltophilia,0,0,0,0,0,0,0,0,0,0,0,0,0,0,0,0,0,0,0,0,0,0,0,0,0
s__Stomatobaculum_longum,0,0,0,0,0,0,0,0,0,0,0,0,0,0,0,0,0,0,0,0,0,0,0,0,0
s__Streptococcus_downei,0,0,0,0,0,0,0,0,0,0,0,0,0,0,0,0,0,0,0,0,0,0,0,0,0
s__Streptococcus_dysgalactiae,0,0,0,0,0,0,0,0,0,0,0,0,0,0,0,0,0,0,0,0,0,0,0,0,0
s__Streptococcus_gallolyticus,0,0,0,0,0,0,0,0,0,0,0,0,0,0,0,0,0,0,0,0,0,0,0,0,0
s__Streptococcus_phage_Abc2,0,0,0,0,0,0,0,0,0,0,0,0,0,0,0,0,0,0,0,0,0,0,0,0,0
s__Streptococcus_pseudopneumoniae,0,0,0,0,0,0,0,0,0,0,0,0,0,0,0,0,0,0,0,0,0,0,0,0,0
s__Streptococcus_uberis,0,0,0,0,0,0,0,0,0,0,0,0,0,0,0,0,0,0,0,0,0,0,0,0,0
s__Sutterella_parvirubra,0,0,0,0,0,0,0,0,0,0,0,0,0,0,0,0,0,0,0,0,0,0,0,0,0
s__Synergistes_sp_3_1_syn1,0,0,0,0,0,0,0,0,0,0,0,0,0,0,0,0,0,0,0,0,0,0,0,0,0.926081258
s__Tannerella_forsythia,0,0,0,0,0,0,0,0,0,0,0,0,0,0,0,0,0,0,0,0,0,0,0,0,0
s__Treponema_denticola,0,0,0,0,0,0,0,0,0,0,0,0,0,0,0,0,0,0,0,0,0,0,0,0,0
s__Treponema_medium,0,0,0,0,0,0,0,0,0,0,0,0,0,0,0,0,0,0,0,0,0,0,0,0,0
s__Treponema_socranskii,0,0,0,0,0,0,0,0,0,0,0,0,0,0,0,0,0,0,0,0,0,0,0,0,0
s__Treponema_succinifaciens,0,0,0,0,0,0,0,0,0,0,0,0,0,0,0,0,0,0,0,0,0,0,0,0,0
s__Treponema_vincentii,0,0,0,0,0,0,0,0,0,0,0,0,0,0,0,0,0,0,0,0,0,0,0,0,0
s__Veillonella_ratti,0,0,0,0,0,0,0,0,0,0,0,0,0,0,0,0,0,0,0,0,0,0,0,0,0
s__Veillonella_sp_3_1_44,0,0,0,0,0,0,0,0,0,0,0,0,0,0,0,0,0,0,0,0,0,0,0,0,0
s__Yersinia_phage_L_413C,0,0,0,0,0,0,0,0,0,0,0,0,0,0,0,0,0,0,0,0,0,0,0,0,0
s__Acidaminococcus_unclassified,0,0,0,0,0,0,0,0,0,0,0,0,0,0,0,0,0,0,0,0,0,0,0,0,0
s__Alicycliphilus_unclassified,0,0,0,0,0,0,0,0,0,0,0,0,0,0,0,0,0,0,0,0,0,0,0,0,0
s__Alistipes_unclassified,0,0,0,0,0,0,0,0,0,0,0,0,0,0,0,0,0,0,0,0,0,0,0,0,0
s__Anaerostipes_unclassified,0,0,0,0,0,0,0,0,0,0,0,0,0,0,0,0,0,0,0,0,0,0,0,0,0
s__Anaerotruncus_unclassified,0,0,0,0,0,0,0,0,0,0,0,0,0,0,0,0,0,0,0,0,0,0,0,0,0
s__Bacteroides_gallinarum,0,0,0,0,0,0,0,0,0,0,0,0,0,0,0,0,0,0,0,0,0,0,0,0,0
s__Bilophila_unclassified,0,0,0,0,0,0,0,0,0,0,0,0,0,0,0,0,0,0,0,0,0,0,0,0,0
s__Burkholderia_unclassified,0,0,0,0,0,0,0,0,0,0,0,0,0,0,0,0,0,0,0,0,0,0,0,0,0
s__C2likevirus_unclassified,0,0,0,0,0,0,0,0,0,0,0,0,0,0,0,0,0,0,0,0,0,0,0,0,0
s__Campylobacter_upsaliensis,0,0,0,0,0,0,0,0,0,0,0,0,0,0,0,0,0,0,0,0,0,0,0,0,0
s__Citrobacter_unclassified,0,0,0,0,0,0,0,0,0,0,0,0,0,0,0,0,0,0,0,0,0,0,0,0,0
s__Clostridium_hiranonis,0,0,0,0,0,0,0,0,0,0,0,0,0,0,0,0,0,0,0,0,0,0,0,0,0
s__Collinsella_unclassified,0,0,0,0,0,0,0,0,0,0,0,0,0,0,0,0,0,0,0,0,0,0,0,0,0
s__Coprobacillus_unclassified,0,0,0,0,0,0,0,0,0,0,0,0,0,0,0,0,0,0,0,0,0,0,0,0,0
s__Cronobacter_phage_CR5,0,0,0,0,0,0,0,0,0,0,0,0,0,0,0,0,0,0,0,0,0,0,0,0,0
s__Desulfovibrio_vulgaris,0,0,0,0,0,0,0,0,0,0,0,0,0,0,0,0,0,0,0,0,0,0,0,0,0
s__Dorea_unclassified,0,0,0,0,0,0,0,0,0,0,0,0,0,0,0,0,0,0,0,0,0,0,0,0,0
s__Eggerthella_unclassified,0,0,0,0,0,0,0,0,0,0,0,0,0,0,0,0,0,0,0,0,0,0,0,0,0
s__Enterobacteria_phage_HK630,0,0,0,0,0,0,0,0,0,0,0,0,0,0,0,0,0,0,0,0,0,0,0,0,0
s__Epsilon15likevirus_unclassified,0,0,0,0,0,0,0,0,0,0,0,0,0,0,0,0,0,0,0,0,0,0,0,0,0
s__Escherichia_unclassified,0,0,0,0,0,0,0,0,0,0,0,0,0,0,0,0,0,0,0,0,0,0,0,0,0
s__Granulicatella_unclassified,0,0,0,0,0,0,0,0,0,0,0,0,0,0,0,0,0,0,0,0,0,0,0,0,0
s__Holdemania_unclassified,0,0,0,0,0,0,0,0,0,0,0,0,0,0,0,0,0,0,0,0,0,0,0,0,0
s__Klebsiella_unclassified,0,0,0,0,0,0,0,0,0,0,0,0,0,0,0,0,0,0,0,0,0,0,0,0,0
s__Megamonas_unclassified,0,0,0,0,0,0,0,0,0,0,0,0,0,0,0,0,0,0,0,0,0,0,0,0,0
s__Megasphaera_unclassified,0,0,0,0,0,0,0,0,0,0,0,0,0,0,0,0,0,0,0,0,0,0,0,0,0
s__Methanobrevibacter_unclassified,0,0,0,0,0,0,0,0,0,0,0,0,0,0,0,0,0,0,0,0,0,0,0,0,0
s__Neisseria_unclassified,0,0,0,0,0,0,0,0,0,0,0,0,0,0,0,0,0,0,0,0,0,0,0,0,0
s__Odoribacter_unclassified,0,0,0,0,0,0,0,0,0,0,0,0,0,0,0,0,0,0,0,0,0,0,0,0,0
s__Oscillibacter_unclassified,0,0,0,0,0,0,0,0,0,0,0,0,0,0,0,0,0,0,0,0,0,0,0,0,0
s__Parabacteroides_unclassified,0,0,0,0,0,0,0,0,0,0,0,0,0,0,0,0,0,0,0,0,0,0,0,0,0
s__Paraprevotella_unclassified,0,0,0,0,0,0,0,0,0,0,0,0,0,0,0,0,0,0,0,0,0,0,0,0,0
s__Parvimonas_unclassified,0,0,0,0,0,0,0,0,0,0,0,0,0,0,0,0,0,0,0,0,0,0,0,0,0
s__Pepper_yellow_dwarf_virus_New_Mexico,0,0,0,0,0,0,0,0,0,0,0,0,0,0,0,0,0,0,0,0,0,0,0,0,0
s__Peptostreptococcaceae_noname_unclassified,0,0,0,0,0,0,0,0,0,0,0,0,0,0,0,0,0,0,0,0,0,0,0,0,0
s__Porcine_type_C_oncovirus,0,0,0,0,0,0,0,0,0,0,0,0,0,0,0,0,0,0,0,0,0,0,0,0,0
s__Pseudomonas_mendocina,0,0,0,0,0,0,0,0,0,0,0,0,0,0,0,0,0,0,0,0,0,0,0,0,0
s__Pseudomonas_unclassified,0,0,0,0,0,0,0,0,0,0,0,0,0,0,0,0,0,0,0,0,0,0,0,0,0
s__Roseburia_unclassified,0,0,0,0,0,0,0,0,0,0,0,0,0,0,0,0,0,0,0,0,0,0,0,0,0
s__Rothia_unclassified,0,0,0,0,0,0,0,0,0,0,0,0,0,0,0,0,0,0,0,0,0,0,0,0,0
s__Scardovia_unclassified,0,0,0,0,0,0,0,0,0,0,0,0,0,0,0,0,0,0,0,0,0,0,0,0,0
s__Streptococcus_sp_BS35b,0,0,0,0,0,0,0,0,0,0,0,0,0,0,0,0,0,0,0,0,0,0,0,0,0
s__Subdoligranulum_unclassified,0,0,0,0,0,0,0,0,0,0,0,0,0,0,0,0,0,0,0,0,0,0,0,0,0
s__Turicibacter_unclassified,0,0,0,0,0,0,0,0,0,0,0,0,0,0,0,0,0,0,0,0,0,0,0,0,0
s__Veillonella_unclassified,0,0,0,0,0,0,0,0,0,0,0,0,0,0,0,0,0,0,0,0,0,0,0,0,0